,年月日時,東京,東京.1,府中,八王子,小河内,青梅,練馬,hour,day,month
0,2022/6/14 1:00:00,0.0,1,0.0,0.0,0.0,0.0,0.0,1,14,6
1,2022/6/14 2:00:00,0.0,1,0.0,0.0,0.0,0.0,0.0,2,14,6
2,2022/6/14 3:00:00,0.0,1,0.0,0.0,0.0,0.0,0.0,3,14,6
3,2022/6/14 4:00:00,0.0,1,0.0,0.0,0.0,0.0,0.0,4,14,6
4,2022/6/14 5:00:00,0.0,0,0.0,0.0,0.0,0.0,0.0,5,14,6
5,2022/6/14 6:00:00,0.0,0,0.0,0.0,0.0,0.0,0.0,6,14,6
6,2022/6/14 7:00:00,0.0,0,0.0,0.0,0.0,0.0,0.0,7,14,6
7,2022/6/14 8:00:00,0.0,0,0.0,0.0,0.0,0.0,0.0,8,14,6
8,2022/6/14 9:00:00,0.0,0,0.0,0.0,0.0,0.0,0.0,9,14,6
9,2022/6/14 10:00:00,0.0,0,0.0,0.0,0.0,0.0,0.0,10,14,6
10,2022/6/14 11:00:00,0.0,0,0.0,0.0,0.0,0.0,0.0,11,14,6
11,2022/6/14 12:00:00,0.0,0,0.0,0.0,0.0,0.0,0.0,12,14,6
12,2022/6/14 13:00:00,0.0,0,0.0,0.0,0.0,0.0,0.0,13,14,6
13,2022/6/14 14:00:00,0.0,0,0.0,0.0,0.0,0.0,0.0,14,14,6
14,2022/6/14 15:00:00,0.0,0,0.0,0.0,0.0,0.0,0.0,15,14,6
15,2022/6/14 16:00:00,0.0,0,0.0,0.0,0.0,0.0,0.0,16,14,6
16,2022/6/14 17:00:00,0.0,0,0.0,0.0,0.0,0.0,0.0,17,14,6
17,2022/6/14 18:00:00,0.0,0,0.0,0.0,0.0,0.0,0.0,18,14,6
18,2022/6/14 19:00:00,0.0,0,0.0,0.0,0.0,0.0,0.0,19,14,6
19,2022/6/14 20:00:00,0.0,1,0.0,0.0,0.0,0.0,0.0,20,14,6
20,2022/6/14 21:00:00,0.0,1,0.0,0.0,0.0,0.0,0.0,21,14,6
21,2022/6/14 22:00:00,0.0,1,0.0,0.0,0.0,0.0,0.0,22,14,6
22,2022/6/14 23:00:00,0.0,1,0.0,0.0,0.0,0.0,0.0,23,14,6
23,2022/6/15 0:00:00,0.0,1,0.0,0.0,0.0,0.0,0.0,0,15,6
24,2022/6/15 1:00:00,0.0,1,0.0,0.0,0.0,0.0,0.0,1,15,6
25,2022/6/15 2:00:00,0.0,1,0.0,0.0,0.0,0.0,0.0,2,15,6
26,2022/6/15 3:00:00,0.0,1,0.0,0.0,0.0,0.0,0.0,3,15,6
27,2022/6/15 4:00:00,0.0,1,0.0,0.0,0.0,0.0,0.0,4,15,6
28,2022/6/15 5:00:00,0.0,0,0.0,0.0,0.0,0.0,0.0,5,15,6
29,2022/6/15 6:00:00,0.0,0,0.0,0.0,0.0,0.0,0.0,6,15,6
30,2022/6/15 7:00:00,0.0,0,0.0,0.0,0.0,0.0,0.0,7,15,6
31,2022/6/15 8:00:00,0.0,0,0.0,0.0,0.0,0.0,0.0,8,15,6
32,2022/6/15 9:00:00,0.0,0,0.0,0.0,0.0,0.0,0.0,9,15,6
33,2022/6/15 10:00:00,0.0,0,0.0,0.0,0.0,0.0,0.0,10,15,6
34,2022/6/15 11:00:00,0.0,0,0.0,0.0,0.0,0.0,0.0,11,15,6
35,2022/6/15 12:00:00,0.0,0,0.0,0.0,0.0,0.0,0.0,12,15,6
36,2022/6/15 13:00:00,0.0,0,0.0,0.0,0.0,0.0,0.0,13,15,6
37,2022/6/15 14:00:00,0.0,0,0.0,0.0,0.0,0.0,0.0,14,15,6
38,2022/6/15 15:00:00,0.0,0,0.0,0.0,0.0,0.0,0.0,15,15,6
39,2022/6/15 16:00:00,0.0,0,0.0,0.0,0.0,0.0,0.0,16,15,6
40,2022/6/15 17:00:00,0.0,0,0.0,0.0,0.0,0.0,0.0,17,15,6
41,2022/6/15 18:00:00,0.0,0,0.0,0.0,0.0,0.0,0.0,18,15,6
42,2022/6/15 19:00:00,0.0,0,0.0,0.0,0.0,0.0,0.0,19,15,6
43,2022/6/15 20:00:00,0.0,1,0.0,0.0,0.0,0.0,0.0,20,15,6
44,2022/6/15 21:00:00,0.0,1,0.0,0.0,0.0,0.0,0.0,21,15,6
45,2022/6/15 22:00:00,0.0,1,0.0,0.0,0.0,0.0,0.0,22,15,6
46,2022/6/15 23:00:00,0.0,1,0.0,0.0,0.0,0.0,0.0,23,15,6
47,2022/6/16 0:00:00,0.0,1,0.0,0.0,0.0,0.0,0.0,0,16,6
48,2022/6/16 1:00:00,0.0,1,0.0,0.0,0.0,0.0,0.0,1,16,6
49,2022/6/16 2:00:00,0.0,1,0.0,0.0,0.0,0.0,0.0,2,16,6
50,2022/6/16 3:00:00,0.0,1,0.0,0.0,0.0,0.0,0.0,3,16,6
51,2022/6/16 4:00:00,0.0,1,0.0,0.0,0.0,0.0,0.0,4,16,6
52,2022/6/16 5:00:00,0.0,0,0.0,0.0,0.0,0.0,0.0,5,16,6
53,2022/6/16 6:00:00,0.0,0,0.0,0.0,0.0,0.0,0.0,6,16,6
54,2022/6/16 7:00:00,0.0,0,0.0,0.0,0.0,0.0,0.0,7,16,6
55,2022/6/16 8:00:00,0.0,0,0.0,0.0,0.0,0.0,0.0,8,16,6
56,2022/6/16 9:00:00,0.0,0,0.0,0.0,0.0,0.0,0.0,9,16,6
57,2022/6/16 10:00:00,0.0,0,0.0,0.0,0.0,0.0,0.0,10,16,6
58,2022/6/16 11:00:00,0.0,0,0.0,0.0,0.0,0.0,0.0,11,16,6
59,2022/6/16 12:00:00,0.0,0,0.0,0.0,0.0,0.0,0.0,12,16,6
60,2022/6/16 13:00:00,0.0,0,0.0,0.0,0.2,0.0,0.0,13,16,6
61,2022/6/16 14:00:00,0.1,0,0.0,0.0,0.0,0.1,0.0,14,16,6
62,2022/6/16 15:00:00,0.0,0,0.0,0.0,0.3,0.0,0.0,15,16,6
63,2022/6/16 16:00:00,0.0,0,0.0,0.0,0.0,0.1,0.0,16,16,6
64,2022/6/16 17:00:00,0.0,0,0.0,0.0,0.0,0.0,0.0,17,16,6
65,2022/6/16 18:00:00,0.0,0,0.0,0.0,0.0,0.0,0.0,18,16,6
66,2022/6/16 19:00:00,0.0,0,0.0,0.0,0.0,0.0,0.0,19,16,6
67,2022/6/16 20:00:00,0.0,1,0.0,0.0,0.0,0.0,0.0,20,16,6
68,2022/6/16 21:00:00,0.0,1,0.0,0.0,0.0,0.0,0.0,21,16,6
69,2022/6/16 22:00:00,0.0,1,0.0,0.0,0.0,0.0,0.0,22,16,6
70,2022/6/16 23:00:00,0.0,1,0.0,0.0,0.0,0.0,0.0,23,16,6
71,2022/6/17 0:00:00,0.0,1,0.0,0.0,0.0,0.0,0.0,0,17,6
72,2022/6/17 1:00:00,0.0,1,0.0,0.0,0.0,0.0,0.0,1,17,6
73,2022/6/17 2:00:00,0.0,1,0.0,0.0,0.0,0.0,0.0,2,17,6
74,2022/6/17 3:00:00,0.0,1,0.0,0.0,0.0,0.0,0.0,3,17,6
75,2022/6/17 4:00:00,0.0,1,0.0,0.0,0.0,0.0,0.0,4,17,6
76,2022/6/17 5:00:00,0.0,0,0.0,0.0,0.0,0.0,0.0,5,17,6
77,2022/6/17 6:00:00,0.0,0,0.0,0.0,0.0,0.0,0.0,6,17,6
78,2022/6/17 7:00:00,0.0,0,0.0,0.0,0.0,0.0,0.0,7,17,6
79,2022/6/17 8:00:00,0.1,0,0.0,0.0,0.0,0.0,0.2,8,17,6
80,2022/6/17 9:00:00,0.0,0,0.0,0.0,0.0,0.0,0.0,9,17,6
81,2022/6/17 10:00:00,0.0,0,0.0,0.0,0.0,0.0,0.0,10,17,6
82,2022/6/17 11:00:00,0.0,0,0.0,0.0,0.0,0.0,0.0,11,17,6
83,2022/6/17 12:00:00,0.0,0,0.0,0.0,0.0,0.0,0.0,12,17,6
84,2022/6/17 13:00:00,0.0,0,0.0,0.0,0.1,0.0,0.0,13,17,6
85,2022/6/17 14:00:00,0.0,0,0.0,0.3,0.9,0.3,0.0,14,17,6
86,2022/6/17 15:00:00,0.7,0,1.0,1.0,1.0,1.0,0.9,15,17,6
87,2022/6/17 16:00:00,1.0,0,1.0,1.0,0.7,0.8,1.0,16,17,6
88,2022/6/17 17:00:00,1.0,0,0.9,1.0,0.6,0.8,0.9,17,17,6
89,2022/6/17 18:00:00,0.9,0,0.5,0.3,0.1,0.3,0.5,18,17,6
90,2022/6/17 19:00:00,0.3,0,0.0,0.0,0.0,0.0,0.0,19,17,6
91,2022/6/17 20:00:00,0.0,1,0.0,0.0,0.0,0.0,0.0,20,17,6
92,2022/6/17 21:00:00,0.0,1,0.0,0.0,0.0,0.0,0.0,21,17,6
93,2022/6/17 22:00:00,0.0,1,0.0,0.0,0.0,0.0,0.0,22,17,6
94,2022/6/17 23:00:00,0.0,1,0.0,0.0,0.0,0.0,0.0,23,17,6
95,2022/6/18 0:00:00,0.0,1,0.0,0.0,0.0,0.0,0.0,0,18,6
96,2022/6/18 1:00:00,0.0,1,0.0,0.0,0.0,0.0,0.0,1,18,6
97,2022/6/18 2:00:00,0.0,1,0.0,0.0,0.0,0.0,0.0,2,18,6
98,2022/6/18 3:00:00,0.0,1,0.0,0.0,0.0,0.0,0.0,3,18,6
99,2022/6/18 4:00:00,0.0,1,0.0,0.0,0.0,0.0,0.0,4,18,6
100,2022/6/18 5:00:00,0.0,0,0.0,0.0,0.0,0.0,0.0,5,18,6
101,2022/6/18 6:00:00,0.0,0,0.0,0.0,0.0,0.0,0.0,6,18,6
102,2022/6/18 7:00:00,0.0,0,0.0,0.0,0.0,0.0,0.0,7,18,6
103,2022/6/18 8:00:00,0.0,0,0.0,0.0,0.0,0.0,0.0,8,18,6
104,2022/6/18 9:00:00,0.0,0,0.0,0.0,0.0,0.0,0.0,9,18,6
105,2022/6/18 10:00:00,0.0,0,0.0,0.0,0.0,0.0,0.0,10,18,6
106,2022/6/18 11:00:00,0.0,0,0.0,0.0,0.0,0.0,0.0,11,18,6
107,2022/6/18 12:00:00,0.0,0,0.0,0.0,0.0,0.0,0.0,12,18,6
108,2022/6/18 13:00:00,0.0,0,0.0,0.0,0.0,0.0,0.0,13,18,6
109,2022/6/18 14:00:00,0.0,0,0.0,0.0,0.0,0.0,0.0,14,18,6
110,2022/6/18 15:00:00,0.0,0,0.0,0.0,0.0,0.0,0.0,15,18,6
111,2022/6/18 16:00:00,0.0,0,0.0,0.0,0.0,0.0,0.0,16,18,6
112,2022/6/18 17:00:00,0.0,0,0.0,0.0,0.0,0.0,0.0,17,18,6
113,2022/6/18 18:00:00,0.0,0,0.0,0.0,0.0,0.0,0.0,18,18,6
114,2022/6/18 19:00:00,0.0,0,0.0,0.0,0.0,0.0,0.0,19,18,6
115,2022/6/18 20:00:00,0.0,1,0.0,0.0,0.0,0.0,0.0,20,18,6
116,2022/6/18 21:00:00,0.0,1,0.0,0.0,0.0,0.0,0.0,21,18,6
117,2022/6/18 22:00:00,0.0,1,0.0,0.0,0.0,0.0,0.0,22,18,6
118,2022/6/18 23:00:00,0.0,1,0.0,0.0,0.0,0.0,0.0,23,18,6
119,2022/6/19 0:00:00,0.0,1,0.0,0.0,0.0,0.0,0.0,0,19,6
120,2022/6/19 1:00:00,0.0,1,0.0,0.0,0.0,0.0,0.0,1,19,6
121,2022/6/19 2:00:00,0.0,1,0.0,0.0,0.0,0.0,0.0,2,19,6
122,2022/6/19 3:00:00,0.0,1,0.0,0.0,0.0,0.0,0.0,3,19,6
123,2022/6/19 4:00:00,0.0,1,0.0,0.0,0.0,0.0,0.0,4,19,6
124,2022/6/19 5:00:00,0.0,0,0.0,0.0,0.0,0.0,0.0,5,19,6
125,2022/6/19 6:00:00,0.8,0,0.3,0.2,0.4,0.1,0.2,6,19,6
126,2022/6/19 7:00:00,1.0,0,0.8,1.0,1.0,0.9,0.8,7,19,6
127,2022/6/19 8:00:00,1.0,0,1.0,1.0,1.0,1.0,1.0,8,19,6
128,2022/6/19 9:00:00,1.0,0,1.0,1.0,1.0,1.0,1.0,9,19,6
129,2022/6/19 10:00:00,1.0,0,1.0,1.0,1.0,1.0,1.0,10,19,6
130,2022/6/19 11:00:00,1.0,0,1.0,1.0,1.0,1.0,1.0,11,19,6
131,2022/6/19 12:00:00,1.0,0,1.0,1.0,1.0,1.0,1.0,12,19,6
132,2022/6/19 13:00:00,1.0,0,1.0,1.0,1.0,1.0,1.0,13,19,6
133,2022/6/19 14:00:00,1.0,0,1.0,1.0,1.0,1.0,1.0,14,19,6
134,2022/6/19 15:00:00,1.0,0,1.0,1.0,0.7,1.0,1.0,15,19,6
135,2022/6/19 16:00:00,0.8,0,0.9,0.9,0.3,0.6,0.9,16,19,6
136,2022/6/19 17:00:00,1.0,0,1.0,0.7,0.1,0.0,1.0,17,19,6
137,2022/6/19 18:00:00,0.5,0,0.3,0.1,0.2,0.0,0.1,18,19,6
138,2022/6/19 19:00:00,0.0,0,0.0,0.0,0.0,0.0,0.0,19,19,6
139,2022/6/19 20:00:00,0.0,1,0.0,0.0,0.0,0.0,0.0,20,19,6
140,2022/6/19 21:00:00,0.0,1,0.0,0.0,0.0,0.0,0.0,21,19,6
141,2022/6/19 22:00:00,0.0,1,0.0,0.0,0.0,0.0,0.0,22,19,6
142,2022/6/19 23:00:00,0.0,1,0.0,0.0,0.0,0.0,0.0,23,19,6
143,2022/6/20 0:00:00,0.0,1,0.0,0.0,0.0,0.0,0.0,0,20,6
144,2022/6/20 1:00:00,0.0,1,0.0,0.0,0.0,0.0,0.0,1,20,6
145,2022/6/20 2:00:00,0.0,1,0.0,0.0,0.0,0.0,0.0,2,20,6
146,2022/6/20 3:00:00,0.0,1,0.0,0.0,0.0,0.0,0.0,3,20,6
147,2022/6/20 4:00:00,0.0,1,0.0,0.0,0.0,0.0,0.0,4,20,6
148,2022/6/20 5:00:00,0.0,0,0.0,0.0,0.0,0.0,0.0,5,20,6
149,2022/6/20 6:00:00,0.0,0,0.0,0.0,0.0,0.0,0.0,6,20,6
150,2022/6/20 7:00:00,0.0,0,0.0,0.0,0.0,0.0,0.0,7,20,6
151,2022/6/20 8:00:00,0.0,0,0.1,0.3,0.6,0.4,0.1,8,20,6
152,2022/6/20 9:00:00,0.3,0,0.7,0.9,1.0,0.9,0.8,9,20,6
153,2022/6/20 10:00:00,0.9,0,1.0,1.0,1.0,1.0,1.0,10,20,6
154,2022/6/20 11:00:00,1.0,0,0.9,1.0,0.5,0.5,0.9,11,20,6
155,2022/6/20 12:00:00,0.8,0,1.0,1.0,1.0,1.0,1.0,12,20,6
156,2022/6/20 13:00:00,0.8,0,1.0,1.0,1.0,1.0,1.0,13,20,6
157,2022/6/20 14:00:00,0.9,0,1.0,1.0,0.1,0.9,1.0,14,20,6
158,2022/6/20 15:00:00,0.3,0,0.3,0.2,0.0,0.0,0.2,15,20,6
159,2022/6/20 16:00:00,0.0,0,0.0,0.0,0.0,0.0,0.0,16,20,6
160,2022/6/20 17:00:00,0.0,0,0.0,0.0,0.0,0.0,0.0,17,20,6
161,2022/6/20 18:00:00,0.0,0,0.0,0.0,0.0,0.0,0.0,18,20,6
162,2022/6/20 19:00:00,0.1,0,0.0,0.0,0.0,0.0,0.0,19,20,6
163,2022/6/20 20:00:00,0.0,1,0.0,0.0,0.0,0.0,0.0,20,20,6
164,2022/6/20 21:00:00,0.0,1,0.0,0.0,0.0,0.0,0.0,21,20,6
165,2022/6/20 22:00:00,0.0,1,0.0,0.0,0.0,0.0,0.0,22,20,6
166,2022/6/20 23:00:00,0.0,1,0.0,0.0,0.0,0.0,0.0,23,20,6
167,2022/6/21 0:00:00,0.0,1,0.0,0.0,0.0,0.0,0.0,0,21,6
168,2022/6/21 1:00:00,0.0,1,0.0,0.0,0.0,0.0,0.0,1,21,6
169,2022/6/21 2:00:00,0.0,1,0.0,0.0,0.0,0.0,0.0,2,21,6
170,2022/6/21 3:00:00,0.0,1,0.0,0.0,0.0,0.0,0.0,3,21,6
171,2022/6/21 4:00:00,0.0,1,0.0,0.0,0.0,0.0,0.0,4,21,6
172,2022/6/21 5:00:00,0.0,0,0.0,0.0,0.0,0.0,0.0,5,21,6
173,2022/6/21 6:00:00,0.0,0,0.0,0.0,0.0,0.0,0.0,6,21,6
174,2022/6/21 7:00:00,0.1,0,0.0,0.0,0.0,0.0,0.1,7,21,6
175,2022/6/21 8:00:00,0.3,0,0.0,0.0,0.0,0.0,0.0,8,21,6
176,2022/6/21 9:00:00,0.6,0,0.1,0.0,0.0,0.0,0.1,9,21,6
177,2022/6/21 10:00:00,0.1,0,0.1,0.0,0.0,0.3,0.1,10,21,6
178,2022/6/21 11:00:00,1.0,0,0.6,0.1,0.0,0.4,0.9,11,21,6
179,2022/6/21 12:00:00,0.5,0,0.0,0.0,0.0,0.0,0.1,12,21,6
180,2022/6/21 13:00:00,0.0,0,0.0,0.0,0.0,0.0,0.0,13,21,6
181,2022/6/21 14:00:00,0.0,0,0.0,0.0,0.0,0.1,0.0,14,21,6
182,2022/6/21 15:00:00,0.0,0,0.0,0.0,0.0,0.0,0.0,15,21,6
183,2022/6/21 16:00:00,0.0,0,0.0,0.0,0.0,0.0,0.0,16,21,6
184,2022/6/21 17:00:00,0.0,0,0.0,0.0,0.0,0.0,0.0,17,21,6
185,2022/6/21 18:00:00,0.0,0,0.0,0.0,0.0,0.0,0.0,18,21,6
186,2022/6/21 19:00:00,0.0,0,0.0,0.0,0.0,0.0,0.0,19,21,6
187,2022/6/21 20:00:00,0.0,1,0.0,0.0,0.0,0.0,0.0,20,21,6
188,2022/6/21 21:00:00,0.0,1,0.0,0.0,0.0,0.0,0.0,21,21,6
189,2022/6/21 22:00:00,0.0,1,0.0,0.0,0.0,0.0,0.0,22,21,6
190,2022/6/21 23:00:00,0.0,1,0.0,0.0,0.0,0.0,0.0,23,21,6
191,2022/6/22 0:00:00,0.0,1,0.0,0.0,0.0,0.0,0.0,0,22,6
192,2022/6/22 1:00:00,0.0,1,0.0,0.0,0.0,0.0,0.0,1,22,6
193,2022/6/22 2:00:00,0.0,1,0.0,0.0,0.0,0.0,0.0,2,22,6
194,2022/6/22 3:00:00,0.0,1,0.0,0.0,0.0,0.0,0.0,3,22,6
195,2022/6/22 4:00:00,0.0,1,0.0,0.0,0.0,0.0,0.0,4,22,6
196,2022/6/22 5:00:00,0.0,0,0.0,0.0,0.0,0.0,0.0,5,22,6
197,2022/6/22 6:00:00,0.0,0,0.0,0.0,0.0,0.0,0.0,6,22,6
198,2022/6/22 7:00:00,0.0,0,0.0,0.0,0.0,0.0,0.0,7,22,6
199,2022/6/22 8:00:00,0.0,0,0.0,0.0,0.0,0.0,0.0,8,22,6
200,2022/6/22 9:00:00,0.1,0,0.0,0.0,0.0,0.0,0.0,9,22,6
201,2022/6/22 10:00:00,0.0,0,0.0,0.4,0.0,0.3,0.0,10,22,6
202,2022/6/22 11:00:00,0.0,0,0.3,0.8,0.3,0.0,0.0,11,22,6
203,2022/6/22 12:00:00,0.1,0,1.0,0.0,0.0,0.0,0.0,12,22,6
204,2022/6/22 13:00:00,0.0,0,0.3,0.0,0.0,0.0,0.4,13,22,6
205,2022/6/22 14:00:00,0.3,0,0.0,0.0,0.0,0.0,0.5,14,22,6
206,2022/6/22 15:00:00,0.1,0,0.0,0.0,0.0,0.0,0.0,15,22,6
207,2022/6/22 16:00:00,0.0,0,0.0,0.0,0.0,0.0,0.0,16,22,6
208,2022/6/22 17:00:00,0.0,0,0.0,0.0,0.0,0.0,0.0,17,22,6
209,2022/6/22 18:00:00,0.0,0,0.0,0.0,0.0,0.0,0.0,18,22,6
210,2022/6/22 19:00:00,0.0,0,0.0,0.0,0.0,0.0,0.0,19,22,6
211,2022/6/22 20:00:00,0.0,1,0.0,0.0,0.0,0.0,0.0,20,22,6
212,2022/6/22 21:00:00,0.0,1,0.0,0.0,0.0,0.0,0.0,21,22,6
213,2022/6/22 22:00:00,0.0,1,0.0,0.0,0.0,0.0,0.0,22,22,6
214,2022/6/22 23:00:00,0.0,1,0.0,0.0,0.0,0.0,0.0,23,22,6
215,2022/6/23 0:00:00,0.0,1,0.0,0.0,0.0,0.0,0.0,0,23,6
216,2022/6/23 1:00:00,0.0,1,0.0,0.0,0.0,0.0,0.0,1,23,6
217,2022/6/23 2:00:00,0.0,1,0.0,0.0,0.0,0.0,0.0,2,23,6
218,2022/6/23 3:00:00,0.0,1,0.0,0.0,0.0,0.0,0.0,3,23,6
219,2022/6/23 4:00:00,0.0,1,0.0,0.0,0.0,0.0,0.0,4,23,6
220,2022/6/23 5:00:00,0.0,0,0.0,0.0,0.0,0.0,0.0,5,23,6
221,2022/6/23 6:00:00,0.0,0,0.0,0.0,0.0,0.0,0.0,6,23,6
222,2022/6/23 7:00:00,0.0,0,0.0,0.0,0.0,0.0,0.0,7,23,6
223,2022/6/23 8:00:00,0.0,0,0.0,0.0,0.0,0.0,0.0,8,23,6
224,2022/6/23 9:00:00,0.1,0,0.0,0.0,0.0,0.0,0.0,9,23,6
225,2022/6/23 10:00:00,0.0,0,0.0,0.0,0.0,0.0,0.0,10,23,6
226,2022/6/23 11:00:00,0.0,0,0.0,0.0,0.0,0.0,0.0,11,23,6
227,2022/6/23 12:00:00,0.0,0,0.0,0.0,0.0,0.0,0.0,12,23,6
228,2022/6/23 13:00:00,0.0,0,0.0,0.0,0.0,0.0,0.0,13,23,6
229,2022/6/23 14:00:00,0.0,0,0.0,0.0,0.0,0.0,0.0,14,23,6
230,2022/6/23 15:00:00,0.0,0,0.0,0.0,0.0,0.0,0.0,15,23,6
231,2022/6/23 16:00:00,0.0,0,0.0,0.0,0.0,0.0,0.0,16,23,6
232,2022/6/23 17:00:00,0.0,0,0.0,0.0,0.0,0.0,0.0,17,23,6
233,2022/6/23 18:00:00,0.0,0,0.0,0.0,0.0,0.0,0.0,18,23,6
234,2022/6/23 19:00:00,0.0,0,0.0,0.0,0.0,0.0,0.0,19,23,6
235,2022/6/23 20:00:00,0.0,1,0.0,0.0,0.0,0.0,0.0,20,23,6
236,2022/6/23 21:00:00,0.0,1,0.0,0.0,0.0,0.0,0.0,21,23,6
237,2022/6/23 22:00:00,0.0,1,0.0,0.0,0.0,0.0,0.0,22,23,6
238,2022/6/23 23:00:00,0.0,1,0.0,0.0,0.0,0.0,0.0,23,23,6
239,2022/6/24 0:00:00,0.0,1,0.0,0.0,0.0,0.0,0.0,0,24,6
240,2022/6/24 1:00:00,0.0,1,0.0,0.0,0.0,0.0,0.0,1,24,6
241,2022/6/24 2:00:00,0.0,1,0.0,0.0,0.0,0.0,0.0,2,24,6
242,2022/6/24 3:00:00,0.0,1,0.0,0.0,0.0,0.0,0.0,3,24,6
243,2022/6/24 4:00:00,0.0,1,0.0,0.0,0.0,0.0,0.0,4,24,6
244,2022/6/24 5:00:00,0.0,0,0.0,0.0,0.0,0.0,0.0,5,24,6
245,2022/6/24 6:00:00,0.0,0,0.0,0.0,0.0,0.0,0.0,6,24,6
246,2022/6/24 7:00:00,0.0,0,0.0,0.0,0.6,0.3,0.0,7,24,6
247,2022/6/24 8:00:00,0.2,0,0.3,0.3,0.5,0.8,0.2,8,24,6
248,2022/6/24 9:00:00,0.8,0,0.6,0.6,0.2,0.5,0.7,9,24,6
249,2022/6/24 10:00:00,0.3,0,0.0,0.0,0.3,0.2,0.0,10,24,6
250,2022/6/24 11:00:00,0.1,0,0.0,0.1,0.9,1.0,0.2,11,24,6
251,2022/6/24 12:00:00,0.9,0,0.7,0.8,1.0,0.8,0.4,12,24,6
252,2022/6/24 13:00:00,1.0,0,1.0,1.0,1.0,1.0,1.0,13,24,6
253,2022/6/24 14:00:00,1.0,0,1.0,1.0,1.0,1.0,1.0,14,24,6
254,2022/6/24 15:00:00,0.6,0,0.8,1.0,1.0,1.0,1.0,15,24,6
255,2022/6/24 16:00:00,0.8,0,1.0,1.0,1.0,1.0,0.7,16,24,6
256,2022/6/24 17:00:00,1.0,0,1.0,1.0,1.0,1.0,1.0,17,24,6
257,2022/6/24 18:00:00,0.9,0,0.8,1.0,0.2,0.6,0.4,18,24,6
258,2022/6/24 19:00:00,0.1,0,0.2,0.1,0.0,0.0,0.0,19,24,6
259,2022/6/24 20:00:00,0.0,1,0.0,0.0,0.0,0.0,0.0,20,24,6
260,2022/6/24 21:00:00,0.0,1,0.0,0.0,0.0,0.0,0.0,21,24,6
261,2022/6/24 22:00:00,0.0,1,0.0,0.0,0.0,0.0,0.0,22,24,6
262,2022/6/24 23:00:00,0.0,1,0.0,0.0,0.0,0.0,0.0,23,24,6
263,2022/6/25 0:00:00,0.0,1,0.0,0.0,0.0,0.0,0.0,0,25,6
264,2022/6/25 1:00:00,0.0,1,0.0,0.0,0.0,0.0,0.0,1,25,6
265,2022/6/25 2:00:00,0.0,1,0.0,0.0,0.0,0.0,0.0,2,25,6
266,2022/6/25 3:00:00,0.0,1,0.0,0.0,0.0,0.0,0.0,3,25,6
267,2022/6/25 4:00:00,0.0,1,0.0,0.0,0.0,0.0,0.0,4,25,6
268,2022/6/25 5:00:00,0.0,0,0.1,0.1,0.2,0.0,0.0,5,25,6
269,2022/6/25 6:00:00,1.0,0,1.0,1.0,1.0,1.0,1.0,6,25,6
270,2022/6/25 7:00:00,1.0,0,1.0,1.0,1.0,1.0,1.0,7,25,6
271,2022/6/25 8:00:00,1.0,0,1.0,1.0,1.0,1.0,1.0,8,25,6
272,2022/6/25 9:00:00,1.0,0,1.0,1.0,1.0,1.0,1.0,9,25,6
273,2022/6/25 10:00:00,1.0,0,1.0,1.0,1.0,1.0,1.0,10,25,6
274,2022/6/25 11:00:00,1.0,0,1.0,1.0,1.0,1.0,1.0,11,25,6
275,2022/6/25 12:00:00,1.0,0,1.0,1.0,1.0,1.0,1.0,12,25,6
276,2022/6/25 13:00:00,1.0,0,1.0,1.0,1.0,1.0,1.0,13,25,6
277,2022/6/25 14:00:00,1.0,0,1.0,1.0,1.0,1.0,1.0,14,25,6
278,2022/6/25 15:00:00,1.0,0,1.0,1.0,1.0,1.0,1.0,15,25,6
279,2022/6/25 16:00:00,1.0,0,1.0,1.0,0.6,1.0,1.0,16,25,6
280,2022/6/25 17:00:00,0.7,0,0.5,0.3,0.0,0.2,0.6,17,25,6
281,2022/6/25 18:00:00,0.7,0,0.3,0.1,0.0,0.0,0.7,18,25,6
282,2022/6/25 19:00:00,0.0,0,0.0,0.0,0.0,0.0,0.0,19,25,6
283,2022/6/25 20:00:00,0.0,1,0.0,0.0,0.0,0.0,0.0,20,25,6
284,2022/6/25 21:00:00,0.0,1,0.0,0.0,0.0,0.0,0.0,21,25,6
285,2022/6/25 22:00:00,0.0,1,0.0,0.0,0.0,0.0,0.0,22,25,6
286,2022/6/25 23:00:00,0.0,1,0.0,0.0,0.0,0.0,0.0,23,25,6
287,2022/6/26 0:00:00,0.0,1,0.0,0.0,0.0,0.0,0.0,0,26,6
288,2022/6/26 1:00:00,0.0,1,0.0,0.0,0.0,0.0,0.0,1,26,6
289,2022/6/26 2:00:00,0.0,1,0.0,0.0,0.0,0.0,0.0,2,26,6
290,2022/6/26 3:00:00,0.0,1,0.0,0.0,0.0,0.0,0.0,3,26,6
291,2022/6/26 4:00:00,0.0,1,0.0,0.0,0.0,0.0,0.0,4,26,6
292,2022/6/26 5:00:00,0.0,0,0.0,0.0,0.0,0.0,0.0,5,26,6
293,2022/6/26 6:00:00,1.0,0,0.0,0.0,0.0,0.0,0.3,6,26,6
294,2022/6/26 7:00:00,1.0,0,0.8,0.8,0.0,0.3,1.0,7,26,6
295,2022/6/26 8:00:00,1.0,0,1.0,1.0,0.0,0.8,1.0,8,26,6
296,2022/6/26 9:00:00,1.0,0,1.0,1.0,0.1,1.0,1.0,9,26,6
297,2022/6/26 10:00:00,1.0,0,0.9,0.6,0.5,0.2,1.0,10,26,6
298,2022/6/26 11:00:00,1.0,0,1.0,1.0,0.8,0.8,1.0,11,26,6
299,2022/6/26 12:00:00,1.0,0,0.9,0.4,0.6,0.6,1.0,12,26,6
300,2022/6/26 13:00:00,1.0,0,0.1,0.3,0.3,0.5,0.3,13,26,6
301,2022/6/26 14:00:00,0.9,0,0.2,0.1,0.6,0.4,0.4,14,26,6
302,2022/6/26 15:00:00,0.7,0,0.1,0.0,0.4,0.0,0.0,15,26,6
303,2022/6/26 16:00:00,0.5,0,0.3,0.3,0.5,0.0,0.1,16,26,6
304,2022/6/26 17:00:00,0.3,0,0.3,0.5,0.1,0.4,0.4,17,26,6
305,2022/6/26 18:00:00,0.9,0,1.0,0.8,0.4,0.6,1.0,18,26,6
306,2022/6/26 19:00:00,0.1,0,0.8,0.6,0.0,0.3,0.7,19,26,6
307,2022/6/26 20:00:00,0.0,1,0.0,0.0,0.0,0.0,0.0,20,26,6
308,2022/6/26 21:00:00,0.0,1,0.0,0.0,0.0,0.0,0.0,21,26,6
309,2022/6/26 22:00:00,0.0,1,0.0,0.0,0.0,0.0,0.0,22,26,6
310,2022/6/26 23:00:00,0.0,1,0.0,0.0,0.0,0.0,0.0,23,26,6
311,2022/6/27 0:00:00,0.0,1,0.0,0.0,0.0,0.0,0.0,0,27,6
312,2022/6/27 1:00:00,0.0,1,0.0,0.0,0.0,0.0,0.0,1,27,6
313,2022/6/27 2:00:00,0.0,1,0.0,0.0,0.0,0.0,0.0,2,27,6
314,2022/6/27 3:00:00,0.0,1,0.0,0.0,0.0,0.0,0.0,3,27,6
315,2022/6/27 4:00:00,0.0,1,0.0,0.0,0.0,0.0,0.0,4,27,6
316,2022/6/27 5:00:00,0.0,0,0.1,0.0,0.1,0.0,0.0,5,27,6
317,2022/6/27 6:00:00,1.0,0,1.0,0.7,1.0,1.0,1.0,6,27,6
318,2022/6/27 7:00:00,1.0,0,1.0,1.0,1.0,1.0,1.0,7,27,6
319,2022/6/27 8:00:00,1.0,0,1.0,1.0,1.0,1.0,1.0,8,27,6
320,2022/6/27 9:00:00,1.0,0,1.0,1.0,1.0,1.0,1.0,9,27,6
321,2022/6/27 10:00:00,1.0,0,1.0,1.0,1.0,1.0,1.0,10,27,6
322,2022/6/27 11:00:00,1.0,0,1.0,1.0,1.0,1.0,1.0,11,27,6
323,2022/6/27 12:00:00,1.0,0,1.0,1.0,1.0,1.0,1.0,12,27,6
324,2022/6/27 13:00:00,1.0,0,1.0,1.0,0.4,1.0,1.0,13,27,6
325,2022/6/27 14:00:00,1.0,0,0.7,0.9,0.2,0.3,0.9,14,27,6
326,2022/6/27 15:00:00,0.9,0,0.4,0.1,0.0,0.1,0.9,15,27,6
327,2022/6/27 16:00:00,0.7,0,0.0,0.0,0.0,0.0,0.1,16,27,6
328,2022/6/27 17:00:00,0.5,0,0.0,0.0,0.0,0.0,0.3,17,27,6
329,2022/6/27 18:00:00,0.7,0,0.3,0.2,0.0,0.3,0.5,18,27,6
330,2022/6/27 19:00:00,0.0,0,0.0,0.0,0.0,0.0,0.0,19,27,6
331,2022/6/27 20:00:00,0.0,1,0.0,0.0,0.0,0.0,0.0,20,27,6
332,2022/6/27 21:00:00,0.0,1,0.0,0.0,0.0,0.0,0.0,21,27,6
333,2022/6/27 22:00:00,0.0,1,0.0,0.0,0.0,0.0,0.0,22,27,6
334,2022/6/27 23:00:00,0.0,1,0.0,0.0,0.0,0.0,0.0,23,27,6
335,2022/6/28 0:00:00,0.0,1,0.0,0.0,0.0,0.0,0.0,0,28,6
336,2022/6/28 1:00:00,0.0,1,0.0,0.0,0.0,0.0,0.0,1,28,6
337,2022/6/28 2:00:00,0.0,1,0.0,0.0,0.0,0.0,0.0,2,28,6
338,2022/6/28 3:00:00,0.0,1,0.0,0.0,0.0,0.0,0.0,3,28,6
339,2022/6/28 4:00:00,0.0,1,0.0,0.0,0.0,0.0,0.0,4,28,6
340,2022/6/28 5:00:00,0.0,0,0.2,0.1,0.2,0.0,0.2,5,28,6
341,2022/6/28 6:00:00,0.9,0,1.0,1.0,1.0,1.0,1.0,6,28,6
342,2022/6/28 7:00:00,1.0,0,1.0,1.0,1.0,1.0,1.0,7,28,6
343,2022/6/28 8:00:00,1.0,0,1.0,1.0,1.0,1.0,1.0,8,28,6
344,2022/6/28 9:00:00,1.0,0,1.0,1.0,1.0,1.0,1.0,9,28,6
345,2022/6/28 10:00:00,1.0,0,1.0,1.0,1.0,1.0,1.0,10,28,6
346,2022/6/28 11:00:00,1.0,0,1.0,1.0,1.0,1.0,1.0,11,28,6
347,2022/6/28 12:00:00,1.0,0,1.0,1.0,1.0,1.0,1.0,12,28,6
348,2022/6/28 13:00:00,1.0,0,1.0,1.0,1.0,1.0,1.0,13,28,6
349,2022/6/28 14:00:00,1.0,0,1.0,1.0,1.0,1.0,1.0,14,28,6
350,2022/6/28 15:00:00,1.0,0,1.0,1.0,1.0,1.0,1.0,15,28,6
351,2022/6/28 16:00:00,1.0,0,1.0,1.0,1.0,1.0,1.0,16,28,6
352,2022/6/28 17:00:00,1.0,0,1.0,1.0,0.9,1.0,1.0,17,28,6
353,2022/6/28 18:00:00,1.0,0,1.0,1.0,0.8,1.0,1.0,18,28,6
354,2022/6/28 19:00:00,0.1,0,0.5,0.4,0.0,0.3,0.4,19,28,6
355,2022/6/28 20:00:00,0.0,1,0.0,0.0,0.0,0.0,0.0,20,28,6
356,2022/6/28 21:00:00,0.0,1,0.0,0.0,0.0,0.0,0.0,21,28,6
357,2022/6/28 22:00:00,0.0,1,0.0,0.0,0.0,0.0,0.0,22,28,6
358,2022/6/28 23:00:00,0.0,1,0.0,0.0,0.0,0.0,0.0,23,28,6
359,2022/6/29 0:00:00,0.0,1,0.0,0.0,0.0,0.0,0.0,0,29,6
360,2022/6/29 1:00:00,0.0,1,0.0,0.0,0.0,0.0,0.0,1,29,6
361,2022/6/29 2:00:00,0.0,1,0.0,0.0,0.0,0.0,0.0,2,29,6
362,2022/6/29 3:00:00,0.0,1,0.0,0.0,0.0,0.0,0.0,3,29,6
363,2022/6/29 4:00:00,0.0,1,0.0,0.0,0.0,0.0,0.0,4,29,6
364,2022/6/29 5:00:00,0.0,0,0.1,0.0,0.0,0.0,0.0,5,29,6
365,2022/6/29 6:00:00,0.4,0,0.8,0.7,1.0,0.5,0.6,6,29,6
366,2022/6/29 7:00:00,0.9,0,1.0,1.0,1.0,1.0,1.0,7,29,6
367,2022/6/29 8:00:00,1.0,0,1.0,1.0,1.0,1.0,1.0,8,29,6
368,2022/6/29 9:00:00,1.0,0,1.0,1.0,1.0,1.0,1.0,9,29,6
369,2022/6/29 10:00:00,1.0,0,1.0,1.0,1.0,1.0,1.0,10,29,6
370,2022/6/29 11:00:00,1.0,0,1.0,1.0,1.0,1.0,1.0,11,29,6
371,2022/6/29 12:00:00,1.0,0,1.0,1.0,1.0,1.0,1.0,12,29,6
372,2022/6/29 13:00:00,1.0,0,1.0,1.0,1.0,1.0,1.0,13,29,6
373,2022/6/29 14:00:00,1.0,0,1.0,1.0,1.0,1.0,1.0,14,29,6
374,2022/6/29 15:00:00,1.0,0,1.0,1.0,1.0,1.0,1.0,15,29,6
375,2022/6/29 16:00:00,1.0,0,1.0,1.0,1.0,1.0,1.0,16,29,6
376,2022/6/29 17:00:00,1.0,0,1.0,1.0,1.0,1.0,1.0,17,29,6
377,2022/6/29 18:00:00,1.0,0,1.0,1.0,1.0,0.9,0.9,18,29,6
378,2022/6/29 19:00:00,0.2,0,0.3,0.2,0.0,0.0,0.3,19,29,6
379,2022/6/29 20:00:00,0.0,1,0.0,0.0,0.0,0.0,0.0,20,29,6
380,2022/6/29 21:00:00,0.0,1,0.0,0.0,0.0,0.0,0.0,21,29,6
381,2022/6/29 22:00:00,0.0,1,0.0,0.0,0.0,0.0,0.0,22,29,6
382,2022/6/29 23:00:00,0.0,1,0.0,0.0,0.0,0.0,0.0,23,29,6
383,2022/6/30 0:00:00,0.0,1,0.0,0.0,0.0,0.0,0.0,0,30,6
384,2022/6/30 1:00:00,0.0,1,0.0,0.0,0.0,0.0,0.0,1,30,6
385,2022/6/30 2:00:00,0.0,1,0.0,0.0,0.0,0.0,0.0,2,30,6
386,2022/6/30 3:00:00,0.0,1,0.0,0.0,0.0,0.0,0.0,3,30,6
387,2022/6/30 4:00:00,0.0,1,0.0,0.0,0.0,0.0,0.0,4,30,6
388,2022/6/30 5:00:00,0.0,0,0.0,0.0,0.0,0.0,0.0,5,30,6
389,2022/6/30 6:00:00,1.0,0,0.1,0.1,1.0,0.6,0.5,6,30,6
390,2022/6/30 7:00:00,1.0,0,1.0,1.0,1.0,1.0,0.5,7,30,6
391,2022/6/30 8:00:00,1.0,0,0.9,1.0,1.0,1.0,1.0,8,30,6
392,2022/6/30 9:00:00,1.0,0,1.0,1.0,1.0,1.0,1.0,9,30,6
393,2022/6/30 10:00:00,1.0,0,1.0,1.0,1.0,1.0,1.0,10,30,6
394,2022/6/30 11:00:00,1.0,0,1.0,1.0,1.0,1.0,1.0,11,30,6
395,2022/6/30 12:00:00,1.0,0,1.0,1.0,1.0,1.0,1.0,12,30,6
396,2022/6/30 13:00:00,1.0,0,1.0,1.0,0.9,1.0,1.0,13,30,6
397,2022/6/30 14:00:00,1.0,0,1.0,1.0,0.3,0.8,1.0,14,30,6
398,2022/6/30 15:00:00,1.0,0,1.0,1.0,0.7,1.0,1.0,15,30,6
399,2022/6/30 16:00:00,1.0,0,1.0,1.0,0.9,1.0,1.0,16,30,6
400,2022/6/30 17:00:00,1.0,0,1.0,1.0,1.0,1.0,1.0,17,30,6
401,2022/6/30 18:00:00,1.0,0,1.0,1.0,0.5,1.0,1.0,18,30,6
402,2022/6/30 19:00:00,0.2,0,0.6,0.5,0.0,0.2,0.6,19,30,6
403,2022/6/30 20:00:00,0.0,1,0.0,0.0,0.0,0.0,0.0,20,30,6
404,2022/6/30 21:00:00,0.0,1,0.0,0.0,0.0,0.0,0.0,21,30,6
405,2022/6/30 22:00:00,0.0,1,0.0,0.0,0.0,0.0,0.0,22,30,6
406,2022/6/30 23:00:00,0.0,1,0.0,0.0,0.0,0.0,0.0,23,30,6
407,2022/7/1 0:00:00,0.0,1,0.0,0.0,0.0,0.0,0.0,0,1,7
408,2022/7/1 1:00:00,0.0,1,0.0,0.0,0.0,0.0,0.0,1,1,7
409,2022/7/1 2:00:00,0.0,1,0.0,0.0,0.0,0.0,0.0,2,1,7
410,2022/7/1 3:00:00,0.0,1,0.0,0.0,0.0,0.0,0.0,3,1,7
411,2022/7/1 4:00:00,0.0,1,0.0,0.0,0.0,0.0,0.0,4,1,7
412,2022/7/1 5:00:00,0.0,0,0.2,0.1,0.2,0.0,0.2,5,1,7
413,2022/7/1 6:00:00,0.9,0,1.0,1.0,1.0,1.0,1.0,6,1,7
414,2022/7/1 7:00:00,1.0,0,1.0,1.0,1.0,1.0,1.0,7,1,7
415,2022/7/1 8:00:00,1.0,0,1.0,1.0,1.0,1.0,1.0,8,1,7
416,2022/7/1 9:00:00,1.0,0,1.0,1.0,1.0,1.0,1.0,9,1,7
417,2022/7/1 10:00:00,1.0,0,1.0,1.0,1.0,1.0,1.0,10,1,7
418,2022/7/1 11:00:00,1.0,0,1.0,1.0,1.0,1.0,1.0,11,1,7
419,2022/7/1 12:00:00,1.0,0,1.0,1.0,0.8,1.0,1.0,12,1,7
420,2022/7/1 13:00:00,1.0,0,1.0,1.0,0.0,1.0,1.0,13,1,7
421,2022/7/1 14:00:00,1.0,0,1.0,1.0,0.0,1.0,0.9,14,1,7
422,2022/7/1 15:00:00,1.0,0,1.0,1.0,0.0,0.9,1.0,15,1,7
423,2022/7/1 16:00:00,1.0,0,0.7,0.2,0.6,0.0,1.0,16,1,7
424,2022/7/1 17:00:00,0.6,0,0.0,0.0,0.3,0.2,0.2,17,1,7
425,2022/7/1 18:00:00,0.0,0,0.1,0.0,0.0,0.0,0.2,18,1,7
426,2022/7/1 19:00:00,0.0,0,0.0,0.0,0.0,0.0,0.1,19,1,7
427,2022/7/1 20:00:00,0.0,1,0.0,0.0,0.0,0.0,0.0,20,1,7
428,2022/7/1 21:00:00,0.0,1,0.0,0.0,0.0,0.0,0.0,21,1,7
429,2022/7/1 22:00:00,0.0,1,0.0,0.0,0.0,0.0,0.0,22,1,7
430,2022/7/1 23:00:00,0.0,1,0.0,0.0,0.0,0.0,0.0,23,1,7
431,2022/7/2 0:00:00,0.0,1,0.0,0.0,0.0,0.0,0.0,0,2,7
432,2022/7/2 1:00:00,0.0,1,0.0,0.0,0.0,0.0,0.0,1,2,7
433,2022/7/2 2:00:00,0.0,1,0.0,0.0,0.0,0.0,0.0,2,2,7
434,2022/7/2 3:00:00,0.0,1,0.0,0.0,0.0,0.0,0.0,3,2,7
435,2022/7/2 4:00:00,0.0,1,0.0,0.0,0.0,0.0,0.0,4,2,7
436,2022/7/2 5:00:00,0.0,0,0.0,0.0,0.0,0.0,0.0,5,2,7
437,2022/7/2 6:00:00,0.8,0,0.8,0.8,0.5,0.0,1.0,6,2,7
438,2022/7/2 7:00:00,1.0,0,1.0,0.9,1.0,1.0,1.0,7,2,7
439,2022/7/2 8:00:00,1.0,0,0.3,0.1,1.0,1.0,0.6,8,2,7
440,2022/7/2 9:00:00,1.0,0,0.6,0.5,1.0,1.0,0.5,9,2,7
441,2022/7/2 10:00:00,0.8,0,0.8,0.6,1.0,1.0,0.5,10,2,7
442,2022/7/2 11:00:00,0.9,0,1.0,1.0,1.0,1.0,1.0,11,2,7
443,2022/7/2 12:00:00,1.0,0,1.0,1.0,0.8,1.0,1.0,12,2,7
444,2022/7/2 13:00:00,1.0,0,1.0,1.0,0.1,1.0,1.0,13,2,7
445,2022/7/2 14:00:00,1.0,0,1.0,0.8,0.3,0.5,1.0,14,2,7
446,2022/7/2 15:00:00,1.0,0,0.7,0.0,0.0,0.1,0.8,15,2,7
447,2022/7/2 16:00:00,0.5,0,0.3,0.0,0.2,0.6,0.0,16,2,7
448,2022/7/2 17:00:00,0.6,0,0.2,0.0,0.0,0.0,0.5,17,2,7
449,2022/7/2 18:00:00,0.0,0,0.0,0.0,0.0,0.0,0.0,18,2,7
450,2022/7/2 19:00:00,0.0,0,0.0,0.0,0.0,0.0,0.0,19,2,7
451,2022/7/2 20:00:00,0.0,1,0.0,0.0,0.0,0.0,0.0,20,2,7
452,2022/7/2 21:00:00,0.0,1,0.0,0.0,0.0,0.0,0.0,21,2,7
453,2022/7/2 22:00:00,0.0,1,0.0,0.0,0.0,0.0,0.0,22,2,7
454,2022/7/2 23:00:00,0.0,1,0.0,0.0,0.0,0.0,0.0,23,2,7
455,2022/7/3 0:00:00,0.0,1,0.0,0.0,0.0,0.0,0.0,0,3,7
456,2022/7/3 1:00:00,0.0,1,0.0,0.0,0.0,0.0,0.0,1,3,7
457,2022/7/3 2:00:00,0.0,1,0.0,0.0,0.0,0.0,0.0,2,3,7
458,2022/7/3 3:00:00,0.0,1,0.0,0.0,0.0,0.0,0.0,3,3,7
459,2022/7/3 4:00:00,0.0,1,0.0,0.0,0.0,0.0,0.0,4,3,7
460,2022/7/3 5:00:00,0.0,0,0.0,0.0,0.0,0.0,0.0,5,3,7
461,2022/7/3 6:00:00,0.2,0,0.0,0.0,0.0,0.0,0.0,6,3,7
462,2022/7/3 7:00:00,0.1,0,0.0,0.0,0.0,0.0,0.0,7,3,7
463,2022/7/3 8:00:00,0.4,0,0.0,0.0,0.0,0.0,0.0,8,3,7
464,2022/7/3 9:00:00,0.3,0,0.0,0.0,0.2,0.1,0.0,9,3,7
465,2022/7/3 10:00:00,0.0,0,0.3,0.7,0.7,0.2,0.0,10,3,7
466,2022/7/3 11:00:00,0.5,0,0.6,0.2,0.0,0.0,0.4,11,3,7
467,2022/7/3 12:00:00,0.9,0,0.1,0.0,0.0,0.1,0.4,12,3,7
468,2022/7/3 13:00:00,0.3,0,0.0,0.0,0.0,0.0,0.0,13,3,7
469,2022/7/3 14:00:00,0.0,0,0.0,0.0,0.0,0.0,0.0,14,3,7
470,2022/7/3 15:00:00,0.0,0,0.0,0.0,0.0,0.0,0.0,15,3,7
471,2022/7/3 16:00:00,0.0,0,0.0,0.0,0.0,0.0,0.0,16,3,7
472,2022/7/3 17:00:00,0.0,0,0.0,0.0,0.0,0.0,0.0,17,3,7
473,2022/7/3 18:00:00,0.0,0,0.0,0.0,0.0,0.0,0.0,18,3,7
474,2022/7/3 19:00:00,0.0,0,0.0,0.0,0.0,0.0,0.0,19,3,7
475,2022/7/3 20:00:00,0.0,1,0.0,0.0,0.0,0.0,0.0,20,3,7
476,2022/7/3 21:00:00,0.0,1,0.0,0.0,0.0,0.0,0.0,21,3,7
477,2022/7/3 22:00:00,0.0,1,0.0,0.0,0.0,0.0,0.0,22,3,7
478,2022/7/3 23:00:00,0.0,1,0.0,0.0,0.0,0.0,0.0,23,3,7
479,2022/7/4 0:00:00,0.0,1,0.0,0.0,0.0,0.0,0.0,0,4,7
480,2022/7/4 1:00:00,0.0,1,0.0,0.0,0.0,0.0,0.0,1,4,7
481,2022/7/4 2:00:00,0.0,1,0.0,0.0,0.0,0.0,0.0,2,4,7
482,2022/7/4 3:00:00,0.0,1,0.0,0.0,0.0,0.0,0.0,3,4,7
483,2022/7/4 4:00:00,0.0,1,0.0,0.0,0.0,0.0,0.0,4,4,7
484,2022/7/4 5:00:00,0.0,0,0.0,0.0,0.0,0.0,0.0,5,4,7
485,2022/7/4 6:00:00,0.0,0,0.0,0.0,0.0,0.0,0.0,6,4,7
486,2022/7/4 7:00:00,0.0,0,0.0,0.0,0.0,0.0,0.0,7,4,7
487,2022/7/4 8:00:00,0.0,0,0.0,0.0,0.0,0.0,0.0,8,4,7
488,2022/7/4 9:00:00,0.0,0,0.0,0.0,0.0,0.0,0.0,9,4,7
489,2022/7/4 10:00:00,0.0,0,0.0,0.0,0.0,0.0,0.0,10,4,7
490,2022/7/4 11:00:00,0.0,0,0.0,0.0,0.0,0.0,0.0,11,4,7
491,2022/7/4 12:00:00,0.0,0,0.0,0.0,0.0,0.0,0.0,12,4,7
492,2022/7/4 13:00:00,0.0,0,0.0,0.0,0.0,0.0,0.0,13,4,7
493,2022/7/4 14:00:00,0.0,0,0.0,0.0,0.0,0.0,0.0,14,4,7
494,2022/7/4 15:00:00,0.0,0,0.0,0.0,0.0,0.0,0.0,15,4,7
495,2022/7/4 16:00:00,0.0,0,0.0,0.0,0.0,0.0,0.0,16,4,7
496,2022/7/4 17:00:00,0.0,0,0.0,0.0,0.0,0.0,0.0,17,4,7
497,2022/7/4 18:00:00,0.0,0,0.0,0.0,0.0,0.0,0.0,18,4,7
498,2022/7/4 19:00:00,0.1,0,0.0,0.0,0.0,0.0,0.0,19,4,7
499,2022/7/4 20:00:00,0.0,1,0.0,0.0,0.0,0.0,0.0,20,4,7
500,2022/7/4 21:00:00,0.0,1,0.0,0.0,0.0,0.0,0.0,21,4,7
501,2022/7/4 22:00:00,0.0,1,0.0,0.0,0.0,0.0,0.0,22,4,7
502,2022/7/4 23:00:00,0.0,1,0.0,0.0,0.0,0.0,0.0,23,4,7
503,2022/7/5 0:00:00,0.0,1,0.0,0.0,0.0,0.0,0.0,0,5,7
504,2022/7/5 1:00:00,0.0,1,0.0,0.0,0.0,0.0,0.0,1,5,7
505,2022/7/5 2:00:00,0.0,1,0.0,0.0,0.0,0.0,0.0,2,5,7
506,2022/7/5 3:00:00,0.0,1,0.0,0.0,0.0,0.0,0.0,3,5,7
507,2022/7/5 4:00:00,0.0,1,0.0,0.0,0.0,0.0,0.0,4,5,7
508,2022/7/5 5:00:00,0.0,0,0.0,0.0,0.0,0.0,0.0,5,5,7
509,2022/7/5 6:00:00,0.0,0,0.0,0.0,0.0,0.0,0.0,6,5,7
510,2022/7/5 7:00:00,0.0,0,0.0,0.6,1.0,0.3,0.0,7,5,7
511,2022/7/5 8:00:00,0.4,0,1.0,1.0,0.7,0.8,0.7,8,5,7
512,2022/7/5 9:00:00,1.0,0,1.0,1.0,0.5,0.8,1.0,9,5,7
513,2022/7/5 10:00:00,0.8,0,0.3,1.0,0.7,0.5,0.9,10,5,7
514,2022/7/5 11:00:00,0.7,0,0.1,0.6,0.1,0.6,0.0,11,5,7
515,2022/7/5 12:00:00,0.5,0,0.4,0.0,0.0,0.0,0.2,12,5,7
516,2022/7/5 13:00:00,0.1,0,0.0,0.0,0.0,0.0,0.0,13,5,7
517,2022/7/5 14:00:00,0.0,0,0.0,0.0,0.0,0.0,0.0,14,5,7
518,2022/7/5 15:00:00,0.0,0,0.0,0.0,0.0,0.0,0.0,15,5,7
519,2022/7/5 16:00:00,0.0,0,0.0,0.0,0.0,0.0,0.0,16,5,7
520,2022/7/5 17:00:00,0.0,0,0.0,0.0,0.0,0.0,0.0,17,5,7
521,2022/7/5 18:00:00,0.0,0,0.0,0.0,0.0,0.0,0.0,18,5,7
522,2022/7/5 19:00:00,0.0,0,0.0,0.0,0.0,0.0,0.0,19,5,7
523,2022/7/5 20:00:00,0.0,1,0.0,0.0,0.0,0.0,0.0,20,5,7
524,2022/7/5 21:00:00,0.0,1,0.0,0.0,0.0,0.0,0.0,21,5,7
525,2022/7/5 22:00:00,0.0,1,0.0,0.0,0.0,0.0,0.0,22,5,7
526,2022/7/5 23:00:00,0.0,1,0.0,0.0,0.0,0.0,0.0,23,5,7
527,2022/7/6 0:00:00,0.0,1,0.0,0.0,0.0,0.0,0.0,0,6,7
528,2022/7/6 1:00:00,0.0,1,0.0,0.0,0.0,0.0,0.0,1,6,7
529,2022/7/6 2:00:00,0.0,1,0.0,0.0,0.0,0.0,0.0,2,6,7
530,2022/7/6 3:00:00,0.0,1,0.0,0.0,0.0,0.0,0.0,3,6,7
531,2022/7/6 4:00:00,0.0,1,0.0,0.0,0.0,0.0,0.0,4,6,7
532,2022/7/6 5:00:00,0.0,0,0.0,0.0,0.0,0.0,0.0,5,6,7
533,2022/7/6 6:00:00,0.0,0,0.0,0.0,0.0,0.0,0.0,6,6,7
534,2022/7/6 7:00:00,0.0,0,0.0,0.0,0.0,0.0,0.0,7,6,7
535,2022/7/6 8:00:00,0.0,0,0.1,0.0,0.0,0.0,0.0,8,6,7
536,2022/7/6 9:00:00,0.0,0,0.2,0.0,0.0,0.0,0.0,9,6,7
537,2022/7/6 10:00:00,0.1,0,0.3,0.0,0.0,0.0,0.0,10,6,7
538,2022/7/6 11:00:00,0.1,0,0.0,0.3,0.0,0.2,0.0,11,6,7
539,2022/7/6 12:00:00,0.4,0,0.1,0.9,0.0,0.7,0.0,12,6,7
540,2022/7/6 13:00:00,0.1,0,0.0,0.0,0.0,0.0,0.1,13,6,7
541,2022/7/6 14:00:00,0.0,0,0.0,0.0,0.0,0.0,0.0,14,6,7
542,2022/7/6 15:00:00,0.0,0,0.0,0.0,0.0,0.0,0.0,15,6,7
543,2022/7/6 16:00:00,0.0,0,0.0,0.0,0.1,0.0,0.0,16,6,7
544,2022/7/6 17:00:00,0.0,0,0.0,0.0,0.0,0.1,0.0,17,6,7
545,2022/7/6 18:00:00,0.3,0,0.0,0.0,0.4,0.3,0.0,18,6,7
546,2022/7/6 19:00:00,0.0,0,0.0,0.0,0.0,0.0,0.0,19,6,7
547,2022/7/6 20:00:00,0.0,1,0.0,0.0,0.0,0.0,0.0,20,6,7
548,2022/7/6 21:00:00,0.0,1,0.0,0.0,0.0,0.0,0.0,21,6,7
549,2022/7/6 22:00:00,0.0,1,0.0,0.0,0.0,0.0,0.0,22,6,7
550,2022/7/6 23:00:00,0.0,1,0.0,0.0,0.0,0.0,0.0,23,6,7
551,2022/7/7 0:00:00,0.0,1,0.0,0.0,0.0,0.0,0.0,0,7,7
552,2022/7/7 1:00:00,0.0,1,0.0,0.0,0.0,0.0,0.0,1,7,7
553,2022/7/7 2:00:00,0.0,1,0.0,0.0,0.0,0.0,0.0,2,7,7
554,2022/7/7 3:00:00,0.0,1,0.0,0.0,0.0,0.0,0.0,3,7,7
555,2022/7/7 4:00:00,0.0,1,0.0,0.0,0.0,0.0,0.0,4,7,7
556,2022/7/7 5:00:00,0.0,0,0.0,0.0,0.0,0.0,0.0,5,7,7
557,2022/7/7 6:00:00,0.0,0,0.0,0.0,0.0,0.0,0.0,6,7,7
558,2022/7/7 7:00:00,0.0,0,0.0,0.0,0.0,0.0,0.0,7,7,7
559,2022/7/7 8:00:00,0.0,0,0.0,0.0,0.0,0.0,0.0,8,7,7
560,2022/7/7 9:00:00,0.0,0,0.0,0.0,0.0,0.0,0.0,9,7,7
561,2022/7/7 10:00:00,0.0,0,0.0,0.0,0.0,0.0,0.0,10,7,7
562,2022/7/7 11:00:00,0.0,0,0.0,0.0,0.0,0.0,0.0,11,7,7
563,2022/7/7 12:00:00,0.0,0,0.0,0.5,0.0,0.7,0.0,12,7,7
564,2022/7/7 13:00:00,0.2,0,0.0,0.4,0.5,0.6,0.0,13,7,7
565,2022/7/7 14:00:00,0.4,0,0.5,0.9,1.0,1.0,0.6,14,7,7
566,2022/7/7 15:00:00,0.5,0,0.8,1.0,1.0,0.6,1.0,15,7,7
567,2022/7/7 16:00:00,0.5,0,0.8,0.3,0.8,0.6,0.6,16,7,7
568,2022/7/7 17:00:00,0.5,0,1.0,0.8,0.5,1.0,1.0,17,7,7
569,2022/7/7 18:00:00,0.8,0,1.0,0.7,0.0,0.8,1.0,18,7,7
570,2022/7/7 19:00:00,0.4,0,0.3,0.0,0.0,0.0,0.3,19,7,7
571,2022/7/7 20:00:00,0.0,1,0.0,0.0,0.0,0.0,0.0,20,7,7
572,2022/7/7 21:00:00,0.0,1,0.0,0.0,0.0,0.0,0.0,21,7,7
573,2022/7/7 22:00:00,0.0,1,0.0,0.0,0.0,0.0,0.0,22,7,7
574,2022/7/7 23:00:00,0.0,1,0.0,0.0,0.0,0.0,0.0,23,7,7
575,2022/7/8 0:00:00,0.0,1,0.0,0.0,0.0,0.0,0.0,0,8,7
576,2022/7/8 1:00:00,0.0,1,0.0,0.0,0.0,0.0,0.0,1,8,7
577,2022/7/8 2:00:00,0.0,1,0.0,0.0,0.0,0.0,0.0,2,8,7
578,2022/7/8 3:00:00,0.0,1,0.0,0.0,0.0,0.0,0.0,3,8,7
579,2022/7/8 4:00:00,0.0,1,0.0,0.0,0.0,0.0,0.0,4,8,7
580,2022/7/8 5:00:00,0.0,0,0.0,0.0,0.0,0.0,0.0,5,8,7
581,2022/7/8 6:00:00,0.1,0,0.1,0.0,0.0,0.0,0.2,6,8,7
582,2022/7/8 7:00:00,0.7,0,0.0,0.0,0.0,0.0,0.0,7,8,7
583,2022/7/8 8:00:00,0.3,0,0.2,0.0,0.3,0.0,0.4,8,8,7
584,2022/7/8 9:00:00,0.4,0,0.0,0.0,0.0,0.0,0.4,9,8,7
585,2022/7/8 10:00:00,0.0,0,0.0,0.0,0.3,0.0,0.0,10,8,7
586,2022/7/8 11:00:00,0.0,0,0.0,0.3,0.0,0.0,0.0,11,8,7
587,2022/7/8 12:00:00,0.2,0,0.0,0.4,0.0,0.2,0.0,12,8,7
588,2022/7/8 13:00:00,0.3,0,0.8,0.6,0.5,0.1,0.7,13,8,7
589,2022/7/8 14:00:00,0.3,0,1.0,1.0,1.0,1.0,0.3,14,8,7
590,2022/7/8 15:00:00,0.3,0,1.0,1.0,1.0,1.0,1.0,15,8,7
591,2022/7/8 16:00:00,0.4,0,1.0,0.8,0.8,0.8,0.9,16,8,7
592,2022/7/8 17:00:00,1.0,0,0.2,0.0,0.2,0.0,0.1,17,8,7
593,2022/7/8 18:00:00,0.9,0,0.0,0.0,0.0,0.0,1.0,18,8,7
594,2022/7/8 19:00:00,0.2,0,0.0,0.0,0.0,0.0,0.0,19,8,7
595,2022/7/8 20:00:00,0.0,1,0.0,0.0,0.0,0.0,0.0,20,8,7
596,2022/7/8 21:00:00,0.0,1,0.0,0.0,0.0,0.0,0.0,21,8,7
597,2022/7/8 22:00:00,0.0,1,0.0,0.0,0.0,0.0,0.0,22,8,7
598,2022/7/8 23:00:00,0.0,1,0.0,0.0,0.0,0.0,0.0,23,8,7
599,2022/7/9 0:00:00,0.0,1,0.0,0.0,0.0,0.0,0.0,0,9,7
600,2022/7/9 1:00:00,0.0,1,0.0,0.0,0.0,0.0,0.0,1,9,7
601,2022/7/9 2:00:00,0.0,1,0.0,0.0,0.0,0.0,0.0,2,9,7
602,2022/7/9 3:00:00,0.0,1,0.0,0.0,0.0,0.0,0.0,3,9,7
603,2022/7/9 4:00:00,0.0,1,0.0,0.0,0.0,0.0,0.0,4,9,7
604,2022/7/9 5:00:00,0.0,0,0.0,0.0,0.0,0.0,0.0,5,9,7
605,2022/7/9 6:00:00,0.9,0,0.0,0.1,0.5,0.0,0.0,6,9,7
606,2022/7/9 7:00:00,1.0,0,0.8,0.6,0.5,0.6,1.0,7,9,7
607,2022/7/9 8:00:00,1.0,0,0.9,1.0,0.6,1.0,1.0,8,9,7
608,2022/7/9 9:00:00,1.0,0,1.0,0.8,0.6,0.9,1.0,9,9,7
609,2022/7/9 10:00:00,1.0,0,1.0,0.8,0.7,0.9,1.0,10,9,7
610,2022/7/9 11:00:00,1.0,0,1.0,0.9,0.1,1.0,1.0,11,9,7
611,2022/7/9 12:00:00,0.6,0,0.2,0.0,0.0,0.2,0.0,12,9,7
612,2022/7/9 13:00:00,0.5,0,0.3,0.0,0.0,0.2,0.2,13,9,7
613,2022/7/9 14:00:00,1.0,0,0.8,0.3,0.6,0.8,1.0,14,9,7
614,2022/7/9 15:00:00,1.0,0,0.7,0.8,0.5,0.5,1.0,15,9,7
615,2022/7/9 16:00:00,1.0,0,0.5,0.8,0.0,0.8,1.0,16,9,7
616,2022/7/9 17:00:00,0.7,0,0.5,1.0,0.0,0.3,0.5,17,9,7
617,2022/7/9 18:00:00,0.1,0,0.1,0.7,0.0,0.0,0.0,18,9,7
618,2022/7/9 19:00:00,0.0,0,0.0,0.0,0.0,0.0,0.0,19,9,7
619,2022/7/9 20:00:00,0.0,1,0.0,0.0,0.0,0.0,0.0,20,9,7
620,2022/7/9 21:00:00,0.0,1,0.0,0.0,0.0,0.0,0.0,21,9,7
621,2022/7/9 22:00:00,0.0,1,0.0,0.0,0.0,0.0,0.0,22,9,7
622,2022/7/9 23:00:00,0.0,1,0.0,0.0,0.0,0.0,0.0,23,9,7
623,2022/7/10 0:00:00,0.0,1,0.0,0.0,0.0,0.0,0.0,0,10,7
624,2022/7/10 1:00:00,0.0,1,0.0,0.0,0.0,0.0,0.0,1,10,7
625,2022/7/10 2:00:00,0.0,1,0.0,0.0,0.0,0.0,0.0,2,10,7
626,2022/7/10 3:00:00,0.0,1,0.0,0.0,0.0,0.0,0.0,3,10,7
627,2022/7/10 4:00:00,0.0,1,0.0,0.0,0.0,0.0,0.0,4,10,7
628,2022/7/10 5:00:00,0.0,0,0.0,0.0,0.0,0.0,0.0,5,10,7
629,2022/7/10 6:00:00,0.0,0,0.0,0.0,0.0,0.0,0.0,6,10,7
630,2022/7/10 7:00:00,0.0,0,0.0,0.0,0.2,0.0,0.0,7,10,7
631,2022/7/10 8:00:00,0.0,0,0.4,0.3,0.5,0.7,0.0,8,10,7
632,2022/7/10 9:00:00,0.0,0,0.1,0.5,0.8,0.8,0.0,9,10,7
633,2022/7/10 10:00:00,0.2,0,0.8,1.0,1.0,0.8,0.3,10,10,7
634,2022/7/10 11:00:00,0.7,0,1.0,1.0,1.0,1.0,0.8,11,10,7
635,2022/7/10 12:00:00,0.4,0,0.7,0.9,0.5,0.9,0.8,12,10,7
636,2022/7/10 13:00:00,0.7,0,1.0,1.0,1.0,1.0,1.0,13,10,7
637,2022/7/10 14:00:00,0.9,0,1.0,1.0,0.6,1.0,1.0,14,10,7
638,2022/7/10 15:00:00,1.0,0,1.0,1.0,0.0,1.0,1.0,15,10,7
639,2022/7/10 16:00:00,1.0,0,1.0,1.0,0.2,1.0,1.0,16,10,7
640,2022/7/10 17:00:00,1.0,0,1.0,0.7,0.2,0.8,0.9,17,10,7
641,2022/7/10 18:00:00,1.0,0,1.0,0.1,0.9,1.0,1.0,18,10,7
642,2022/7/10 19:00:00,0.4,0,0.6,0.7,0.0,0.5,0.7,19,10,7
643,2022/7/10 20:00:00,0.0,1,0.0,0.0,0.0,0.0,0.0,20,10,7
644,2022/7/10 21:00:00,0.0,1,0.0,0.0,0.0,0.0,0.0,21,10,7
645,2022/7/10 22:00:00,0.0,1,0.0,0.0,0.0,0.0,0.0,22,10,7
646,2022/7/10 23:00:00,0.0,1,0.0,0.0,0.0,0.0,0.0,23,10,7
647,2022/7/11 0:00:00,0.0,1,0.0,0.0,0.0,0.0,0.0,0,11,7
648,2022/7/11 1:00:00,0.0,1,0.0,0.0,0.0,0.0,0.0,1,11,7
649,2022/7/11 2:00:00,0.0,1,0.0,0.0,0.0,0.0,0.0,2,11,7
650,2022/7/11 3:00:00,0.0,1,0.0,0.0,0.0,0.0,0.0,3,11,7
651,2022/7/11 4:00:00,0.0,1,0.0,0.0,0.0,0.0,0.0,4,11,7
652,2022/7/11 5:00:00,0.0,0,0.0,0.0,0.0,0.0,0.0,5,11,7
653,2022/7/11 6:00:00,0.0,0,0.0,0.0,0.0,0.0,0.3,6,11,7
654,2022/7/11 7:00:00,0.0,0,0.5,0.3,0.1,0.0,1.0,7,11,7
655,2022/7/11 8:00:00,0.5,0,0.7,0.3,0.4,0.0,1.0,8,11,7
656,2022/7/11 9:00:00,0.1,0,0.0,0.0,0.5,0.0,0.5,9,11,7
657,2022/7/11 10:00:00,0.1,0,0.1,0.3,1.0,0.1,0.1,10,11,7
658,2022/7/11 11:00:00,0.4,0,0.3,1.0,0.9,1.0,0.0,11,11,7
659,2022/7/11 12:00:00,0.6,0,0.2,1.0,1.0,1.0,0.0,12,11,7
660,2022/7/11 13:00:00,1.0,0,0.0,1.0,1.0,0.9,0.1,13,11,7
661,2022/7/11 14:00:00,1.0,0,0.7,0.5,1.0,0.8,0.9,14,11,7
662,2022/7/11 15:00:00,1.0,0,0.5,1.0,0.3,0.5,0.5,15,11,7
663,2022/7/11 16:00:00,1.0,0,0.2,1.0,0.1,0.0,0.4,16,11,7
664,2022/7/11 17:00:00,0.9,0,0.4,0.8,0.0,0.3,0.2,17,11,7
665,2022/7/11 18:00:00,0.7,0,0.6,0.8,0.0,0.5,0.5,18,11,7
666,2022/7/11 19:00:00,0.0,0,0.2,0.0,0.0,0.3,0.0,19,11,7
667,2022/7/11 20:00:00,0.0,1,0.0,0.0,0.0,0.0,0.0,20,11,7
668,2022/7/11 21:00:00,0.0,1,0.0,0.0,0.0,0.0,0.0,21,11,7
669,2022/7/11 22:00:00,0.0,1,0.0,0.0,0.0,0.0,0.0,22,11,7
670,2022/7/11 23:00:00,0.0,1,0.0,0.0,0.0,0.0,0.0,23,11,7
671,2022/7/12 0:00:00,0.0,1,0.0,0.0,0.0,0.0,0.0,0,12,7
672,2022/7/12 1:00:00,0.0,1,0.0,0.0,0.0,0.0,0.0,1,12,7
673,2022/7/12 2:00:00,0.0,1,0.0,0.0,0.0,0.0,0.0,2,12,7
674,2022/7/12 3:00:00,0.0,1,0.0,0.0,0.0,0.0,0.0,3,12,7
675,2022/7/12 4:00:00,0.0,1,0.0,0.0,0.0,0.0,0.0,4,12,7
676,2022/7/12 5:00:00,0.0,0,0.0,0.0,0.0,0.0,0.0,5,12,7
677,2022/7/12 6:00:00,0.0,0,0.0,0.0,0.0,0.0,0.0,6,12,7
678,2022/7/12 7:00:00,0.0,0,0.0,0.0,0.0,0.0,0.0,7,12,7
679,2022/7/12 8:00:00,0.0,0,0.0,0.0,0.0,0.0,0.0,8,12,7
680,2022/7/12 9:00:00,0.0,0,0.0,0.0,0.0,0.0,0.0,9,12,7
681,2022/7/12 10:00:00,0.0,0,0.0,0.0,0.0,0.0,0.0,10,12,7
682,2022/7/12 11:00:00,0.0,0,0.0,0.0,0.0,0.0,0.0,11,12,7
683,2022/7/12 12:00:00,0.0,0,0.0,0.0,0.0,0.0,0.0,12,12,7
684,2022/7/12 13:00:00,0.0,0,0.0,0.0,0.0,0.0,0.0,13,12,7
685,2022/7/12 14:00:00,0.0,0,0.0,0.1,0.0,0.0,0.0,14,12,7
686,2022/7/12 15:00:00,0.0,0,0.0,0.0,0.0,0.0,0.0,15,12,7
687,2022/7/12 16:00:00,0.0,0,0.0,0.0,0.0,0.0,0.1,16,12,7
688,2022/7/12 17:00:00,0.0,0,0.0,0.0,0.0,0.0,0.0,17,12,7
689,2022/7/12 18:00:00,0.0,0,0.0,0.0,0.0,0.0,0.0,18,12,7
690,2022/7/12 19:00:00,0.0,0,0.0,0.0,0.0,0.0,0.0,19,12,7
691,2022/7/12 20:00:00,0.0,1,0.0,0.0,0.0,0.0,0.0,20,12,7
692,2022/7/12 21:00:00,0.0,1,0.0,0.0,0.0,0.0,0.0,21,12,7
693,2022/7/12 22:00:00,0.0,1,0.0,0.0,0.0,0.0,0.0,22,12,7
694,2022/7/12 23:00:00,0.0,1,0.0,0.0,0.0,0.0,0.0,23,12,7
695,2022/7/13 0:00:00,0.0,1,0.0,0.0,0.0,0.0,0.0,0,13,7
696,2022/7/13 1:00:00,0.0,1,0.0,0.0,0.0,0.0,0.0,1,13,7
697,2022/7/13 2:00:00,0.0,1,0.0,0.0,0.0,0.0,0.0,2,13,7
698,2022/7/13 3:00:00,0.0,1,0.0,0.0,0.0,0.0,0.0,3,13,7
699,2022/7/13 4:00:00,0.0,1,0.0,0.0,0.0,0.0,0.0,4,13,7
700,2022/7/13 5:00:00,0.0,0,0.0,0.0,0.0,0.0,0.0,5,13,7
701,2022/7/13 6:00:00,0.0,0,0.0,0.0,0.0,0.0,0.0,6,13,7
702,2022/7/13 7:00:00,0.0,0,0.0,0.0,0.0,0.0,0.0,7,13,7
703,2022/7/13 8:00:00,0.0,0,0.0,0.0,0.0,0.0,0.0,8,13,7
704,2022/7/13 9:00:00,0.0,0,0.0,0.0,0.0,0.0,0.0,9,13,7
705,2022/7/13 10:00:00,0.0,0,0.0,0.0,0.0,0.0,0.0,10,13,7
706,2022/7/13 11:00:00,0.0,0,0.0,0.0,0.0,0.0,0.0,11,13,7
707,2022/7/13 12:00:00,0.0,0,0.0,0.0,0.0,0.0,0.0,12,13,7
708,2022/7/13 13:00:00,0.0,0,0.0,0.0,0.0,0.0,0.0,13,13,7
709,2022/7/13 14:00:00,0.0,0,0.0,0.0,0.0,0.0,0.0,14,13,7
710,2022/7/13 15:00:00,0.0,0,0.0,0.0,0.0,0.2,0.0,15,13,7
711,2022/7/13 16:00:00,0.0,0,0.0,0.0,0.0,0.2,0.0,16,13,7
712,2022/7/13 17:00:00,0.0,0,0.0,0.0,0.0,0.0,0.0,17,13,7
713,2022/7/13 18:00:00,0.0,0,0.0,0.0,0.0,0.0,0.0,18,13,7
714,2022/7/13 19:00:00,0.0,0,0.0,0.0,0.0,0.0,0.0,19,13,7
715,2022/7/13 20:00:00,0.0,1,0.0,0.0,0.0,0.0,0.0,20,13,7
716,2022/7/13 21:00:00,0.0,1,0.0,0.0,0.0,0.0,0.0,21,13,7
717,2022/7/13 22:00:00,0.0,1,0.0,0.0,0.0,0.0,0.0,22,13,7
718,2022/7/13 23:00:00,0.0,1,0.0,0.0,0.0,0.0,0.0,23,13,7
719,2022/7/14 0:00:00,0.0,1,0.0,0.0,0.0,0.0,0.0,0,14,7
720,2022/7/14 1:00:00,0.0,1,0.0,0.0,0.0,0.0,0.0,1,14,7
721,2022/7/14 2:00:00,0.0,1,0.0,0.0,0.0,0.0,0.0,2,14,7
722,2022/7/14 3:00:00,0.0,1,0.0,0.0,0.0,0.0,0.0,3,14,7
723,2022/7/14 4:00:00,0.0,1,0.0,0.0,0.0,0.0,0.0,4,14,7
724,2022/7/14 5:00:00,0.0,0,0.0,0.0,0.0,0.0,0.0,5,14,7
725,2022/7/14 6:00:00,0.0,0,0.0,0.0,0.0,0.0,0.0,6,14,7
726,2022/7/14 7:00:00,0.0,0,0.0,0.0,0.0,0.0,0.0,7,14,7
727,2022/7/14 8:00:00,0.0,0,0.0,0.0,0.0,0.0,0.0,8,14,7
728,2022/7/14 9:00:00,0.0,0,0.0,0.0,0.0,0.0,0.0,9,14,7
729,2022/7/14 10:00:00,0.0,0,0.0,0.0,0.0,0.0,0.0,10,14,7
730,2022/7/14 11:00:00,0.1,0,0.0,0.0,0.0,0.0,0.0,11,14,7
731,2022/7/14 12:00:00,0.0,0,0.0,0.0,0.0,0.0,0.0,12,14,7
732,2022/7/14 13:00:00,0.0,0,0.0,0.0,0.0,0.0,0.0,13,14,7
733,2022/7/14 14:00:00,0.0,0,0.0,0.0,0.0,0.0,0.0,14,14,7
734,2022/7/14 15:00:00,0.0,0,0.0,0.0,0.0,0.0,0.0,15,14,7
735,2022/7/14 16:00:00,0.0,0,0.0,0.0,0.0,0.0,0.0,16,14,7
736,2022/7/14 17:00:00,0.0,0,0.0,0.0,0.0,0.0,0.0,17,14,7
737,2022/7/14 18:00:00,0.0,0,0.0,0.0,0.0,0.0,0.0,18,14,7
738,2022/7/14 19:00:00,0.0,0,0.0,0.0,0.0,0.0,0.0,19,14,7
739,2022/7/14 20:00:00,0.0,1,0.0,0.0,0.0,0.0,0.0,20,14,7
740,2022/7/14 21:00:00,0.0,1,0.0,0.0,0.0,0.0,0.0,21,14,7
741,2022/7/14 22:00:00,0.0,1,0.0,0.0,0.0,0.0,0.0,22,14,7
742,2022/7/14 23:00:00,0.0,1,0.0,0.0,0.0,0.0,0.0,23,14,7
743,2022/7/15 0:00:00,0.0,1,0.0,0.0,0.0,0.0,0.0,0,15,7
744,2022/7/15 1:00:00,0.0,1,0.0,0.0,0.0,0.0,0.0,1,15,7
745,2022/7/15 2:00:00,0.0,1,0.0,0.0,0.0,0.0,0.0,2,15,7
746,2022/7/15 3:00:00,0.0,1,0.0,0.0,0.0,0.0,0.0,3,15,7
747,2022/7/15 4:00:00,0.0,1,0.0,0.0,0.0,0.0,0.0,4,15,7
748,2022/7/15 5:00:00,0.0,0,0.0,0.0,0.0,0.0,0.0,5,15,7
749,2022/7/15 6:00:00,0.0,0,0.0,0.0,0.0,0.0,0.0,6,15,7
750,2022/7/15 7:00:00,0.0,0,0.0,0.0,0.0,0.0,0.0,7,15,7
751,2022/7/15 8:00:00,0.0,0,0.0,0.0,0.0,0.0,0.0,8,15,7
752,2022/7/15 9:00:00,0.0,0,0.0,0.0,0.0,0.0,0.0,9,15,7
753,2022/7/15 10:00:00,0.0,0,0.0,0.0,0.0,0.0,0.0,10,15,7
754,2022/7/15 11:00:00,0.0,0,0.0,0.0,0.0,0.0,0.0,11,15,7
755,2022/7/15 12:00:00,0.0,0,0.0,0.0,0.0,0.0,0.0,12,15,7
756,2022/7/15 13:00:00,0.0,0,0.0,0.0,0.0,0.0,0.0,13,15,7
757,2022/7/15 14:00:00,0.0,0,0.0,0.0,0.0,0.0,0.0,14,15,7
758,2022/7/15 15:00:00,0.0,0,0.0,0.0,0.0,0.0,0.0,15,15,7
759,2022/7/15 16:00:00,0.0,0,0.0,0.0,0.0,0.0,0.0,16,15,7
760,2022/7/15 17:00:00,0.0,0,0.0,0.0,0.0,0.0,0.0,17,15,7
761,2022/7/15 18:00:00,0.0,0,0.0,0.0,0.0,0.0,0.0,18,15,7
762,2022/7/15 19:00:00,0.0,0,0.0,0.0,0.0,0.0,0.0,19,15,7
763,2022/7/15 20:00:00,0.0,1,0.0,0.0,0.0,0.0,0.0,20,15,7
764,2022/7/15 21:00:00,0.0,1,0.0,0.0,0.0,0.0,0.0,21,15,7
765,2022/7/15 22:00:00,0.0,1,0.0,0.0,0.0,0.0,0.0,22,15,7
766,2022/7/15 23:00:00,0.0,1,0.0,0.0,0.0,0.0,0.0,23,15,7
767,2022/7/16 0:00:00,0.0,1,0.0,0.0,0.0,0.0,0.0,0,16,7
768,2022/7/16 1:00:00,0.0,1,0.0,0.0,0.0,0.0,0.0,1,16,7
769,2022/7/16 2:00:00,0.0,1,0.0,0.0,0.0,0.0,0.0,2,16,7
770,2022/7/16 3:00:00,0.0,1,0.0,0.0,0.0,0.0,0.0,3,16,7
771,2022/7/16 4:00:00,0.0,1,0.0,0.0,0.0,0.0,0.0,4,16,7
772,2022/7/16 5:00:00,0.0,0,0.0,0.0,0.0,0.0,0.0,5,16,7
773,2022/7/16 6:00:00,0.0,0,0.0,0.0,0.0,0.0,0.0,6,16,7
774,2022/7/16 7:00:00,0.0,0,0.0,0.0,0.0,0.0,0.0,7,16,7
775,2022/7/16 8:00:00,0.0,0,0.0,0.0,0.0,0.0,0.0,8,16,7
776,2022/7/16 9:00:00,0.0,0,0.0,0.0,0.0,0.0,0.0,9,16,7
777,2022/7/16 10:00:00,0.0,0,0.0,0.0,0.0,0.0,0.0,10,16,7
778,2022/7/16 11:00:00,0.0,0,0.0,0.0,0.0,0.0,0.0,11,16,7
779,2022/7/16 12:00:00,0.0,0,0.0,0.0,0.0,0.0,0.0,12,16,7
780,2022/7/16 13:00:00,0.0,0,0.0,0.0,0.0,0.0,0.0,13,16,7
781,2022/7/16 14:00:00,0.0,0,0.0,0.0,0.0,0.0,0.0,14,16,7
782,2022/7/16 15:00:00,0.0,0,0.0,0.0,0.0,0.0,0.0,15,16,7
783,2022/7/16 16:00:00,0.0,0,0.0,0.0,0.0,0.0,0.0,16,16,7
784,2022/7/16 17:00:00,0.0,0,0.0,0.0,0.0,0.0,0.0,17,16,7
785,2022/7/16 18:00:00,0.0,0,0.0,0.0,0.0,0.0,0.0,18,16,7
786,2022/7/16 19:00:00,0.0,0,0.0,0.0,0.0,0.0,0.0,19,16,7
787,2022/7/16 20:00:00,0.0,1,0.0,0.0,0.0,0.0,0.0,20,16,7
788,2022/7/16 21:00:00,0.0,1,0.0,0.0,0.0,0.0,0.0,21,16,7
789,2022/7/16 22:00:00,0.0,1,0.0,0.0,0.0,0.0,0.0,22,16,7
790,2022/7/16 23:00:00,0.0,1,0.0,0.0,0.0,0.0,0.0,23,16,7
791,2022/7/17 0:00:00,0.0,1,0.0,0.0,0.0,0.0,0.0,0,17,7
792,2022/7/17 1:00:00,0.0,1,0.0,0.0,0.0,0.0,0.0,1,17,7
793,2022/7/17 2:00:00,0.0,1,0.0,0.0,0.0,0.0,0.0,2,17,7
794,2022/7/17 3:00:00,0.0,1,0.0,0.0,0.0,0.0,0.0,3,17,7
795,2022/7/17 4:00:00,0.0,1,0.0,0.0,0.0,0.0,0.0,4,17,7
796,2022/7/17 5:00:00,0.0,0,0.0,0.0,0.0,0.0,0.0,5,17,7
797,2022/7/17 6:00:00,0.0,0,0.0,0.0,0.0,0.0,0.0,6,17,7
798,2022/7/17 7:00:00,0.0,0,0.0,0.1,0.0,0.1,0.0,7,17,7
799,2022/7/17 8:00:00,0.6,0,0.3,0.0,0.0,0.0,0.3,8,17,7
800,2022/7/17 9:00:00,0.0,0,0.0,0.0,0.1,0.8,0.0,9,17,7
801,2022/7/17 10:00:00,0.0,0,0.5,1.0,0.4,0.6,0.4,10,17,7
802,2022/7/17 11:00:00,0.1,0,1.0,1.0,0.0,0.8,1.0,11,17,7
803,2022/7/17 12:00:00,0.2,0,1.0,0.6,0.3,0.4,0.8,12,17,7
804,2022/7/17 13:00:00,0.9,0,1.0,1.0,0.3,0.6,0.7,13,17,7
805,2022/7/17 14:00:00,0.5,0,1.0,1.0,0.3,0.9,1.0,14,17,7
806,2022/7/17 15:00:00,0.9,0,0.9,1.0,0.5,0.6,1.0,15,17,7
807,2022/7/17 16:00:00,0.9,0,1.0,1.0,0.1,0.2,0.7,16,17,7
808,2022/7/17 17:00:00,0.3,0,0.5,0.5,0.2,0.2,0.3,17,17,7
809,2022/7/17 18:00:00,0.9,0,0.8,0.3,0.1,0.0,0.5,18,17,7
810,2022/7/17 19:00:00,0.2,0,0.5,0.2,0.0,0.0,0.3,19,17,7
811,2022/7/17 20:00:00,0.0,1,0.0,0.0,0.0,0.0,0.0,20,17,7
812,2022/7/17 21:00:00,0.0,1,0.0,0.0,0.0,0.0,0.0,21,17,7
813,2022/7/17 22:00:00,0.0,1,0.0,0.0,0.0,0.0,0.0,22,17,7
814,2022/7/17 23:00:00,0.0,1,0.0,0.0,0.0,0.0,0.0,23,17,7
815,2022/7/18 0:00:00,0.0,1,0.0,0.0,0.0,0.0,0.0,0,18,7
816,2022/7/18 1:00:00,0.0,1,0.0,0.0,0.0,0.0,0.0,1,18,7
817,2022/7/18 2:00:00,0.0,1,0.0,0.0,0.0,0.0,0.0,2,18,7
818,2022/7/18 3:00:00,0.0,1,0.0,0.0,0.0,0.0,0.0,3,18,7
819,2022/7/18 4:00:00,0.0,1,0.0,0.0,0.0,0.0,0.0,4,18,7
820,2022/7/18 5:00:00,0.0,0,0.0,0.0,0.0,0.0,0.0,5,18,7
821,2022/7/18 6:00:00,0.4,0,0.0,0.0,0.0,0.0,0.0,6,18,7
822,2022/7/18 7:00:00,0.1,0,0.0,0.0,0.1,0.1,0.0,7,18,7
823,2022/7/18 8:00:00,0.1,0,0.3,0.2,0.3,0.5,0.4,8,18,7
824,2022/7/18 9:00:00,0.2,0,0.0,0.0,0.3,0.0,0.0,9,18,7
825,2022/7/18 10:00:00,0.4,0,0.3,0.4,0.7,0.4,0.2,10,18,7
826,2022/7/18 11:00:00,1.0,0,0.9,0.9,1.0,1.0,1.0,11,18,7
827,2022/7/18 12:00:00,1.0,0,1.0,1.0,1.0,1.0,0.9,12,18,7
828,2022/7/18 13:00:00,1.0,0,0.9,0.9,0.1,0.9,0.8,13,18,7
829,2022/7/18 14:00:00,0.9,0,0.6,0.4,0.2,0.2,0.5,14,18,7
830,2022/7/18 15:00:00,0.9,0,0.8,1.0,0.0,0.6,1.0,15,18,7
831,2022/7/18 16:00:00,0.7,0,0.3,0.0,0.0,0.0,0.4,16,18,7
832,2022/7/18 17:00:00,0.2,0,0.2,0.2,0.0,0.0,0.2,17,18,7
833,2022/7/18 18:00:00,0.4,0,0.1,0.1,0.0,0.0,0.3,18,18,7
834,2022/7/18 19:00:00,0.0,0,0.0,0.0,0.0,0.0,0.0,19,18,7
835,2022/7/18 20:00:00,0.0,1,0.0,0.0,0.0,0.0,0.0,20,18,7
836,2022/7/18 21:00:00,0.0,1,0.0,0.0,0.0,0.0,0.0,21,18,7
837,2022/7/18 22:00:00,0.0,1,0.0,0.0,0.0,0.0,0.0,22,18,7
838,2022/7/18 23:00:00,0.0,1,0.0,0.0,0.0,0.0,0.0,23,18,7
839,2022/7/19 0:00:00,0.0,1,0.0,0.0,0.0,0.0,0.0,0,19,7
840,2022/7/19 1:00:00,0.0,1,0.0,0.0,0.0,0.0,0.0,1,19,7
841,2022/7/19 2:00:00,0.0,1,0.0,0.0,0.0,0.0,0.0,2,19,7
842,2022/7/19 3:00:00,0.0,1,0.0,0.0,0.0,0.0,0.0,3,19,7
843,2022/7/19 4:00:00,0.0,1,0.0,0.0,0.0,0.0,0.0,4,19,7
844,2022/7/19 5:00:00,0.0,0,0.0,0.0,0.0,0.0,0.0,5,19,7
845,2022/7/19 6:00:00,0.0,0,0.0,0.0,0.0,0.0,0.0,6,19,7
846,2022/7/19 7:00:00,0.0,0,0.0,0.0,0.0,0.0,0.0,7,19,7
847,2022/7/19 8:00:00,0.0,0,0.0,0.0,0.0,0.0,0.0,8,19,7
848,2022/7/19 9:00:00,0.0,0,0.0,0.0,0.0,0.0,0.0,9,19,7
849,2022/7/19 10:00:00,0.0,0,0.0,0.0,0.0,0.0,0.0,10,19,7
850,2022/7/19 11:00:00,0.4,0,0.0,0.0,0.0,0.0,0.0,11,19,7
851,2022/7/19 12:00:00,0.0,0,0.0,0.0,0.0,0.0,0.0,12,19,7
852,2022/7/19 13:00:00,0.0,0,0.0,0.0,0.0,0.0,0.0,13,19,7
853,2022/7/19 14:00:00,0.0,0,0.0,0.0,0.0,0.0,0.0,14,19,7
854,2022/7/19 15:00:00,0.0,0,0.0,0.0,0.0,0.0,0.0,15,19,7
855,2022/7/19 16:00:00,0.0,0,0.0,0.0,0.0,0.0,0.0,16,19,7
856,2022/7/19 17:00:00,0.0,0,0.0,0.0,0.0,0.0,0.0,17,19,7
857,2022/7/19 18:00:00,0.0,0,0.0,0.0,0.0,0.0,0.0,18,19,7
858,2022/7/19 19:00:00,0.0,0,0.0,0.0,0.0,0.0,0.0,19,19,7
859,2022/7/19 20:00:00,0.0,1,0.0,0.0,0.0,0.0,0.0,20,19,7
860,2022/7/19 21:00:00,0.0,1,0.0,0.0,0.0,0.0,0.0,21,19,7
861,2022/7/19 22:00:00,0.0,1,0.0,0.0,0.0,0.0,0.0,22,19,7
862,2022/7/19 23:00:00,0.0,1,0.0,0.0,0.0,0.0,0.0,23,19,7
863,2022/7/20 0:00:00,0.0,1,0.0,0.0,0.0,0.0,0.0,0,20,7
864,2022/7/20 1:00:00,0.0,1,0.0,0.0,0.0,0.0,0.0,1,20,7
865,2022/7/20 2:00:00,0.0,1,0.0,0.0,0.0,0.0,0.0,2,20,7
866,2022/7/20 3:00:00,0.0,1,0.0,0.0,0.0,0.0,0.0,3,20,7
867,2022/7/20 4:00:00,0.0,1,0.0,0.0,0.0,0.0,0.0,4,20,7
868,2022/7/20 5:00:00,0.0,0,0.0,0.0,0.0,0.0,0.0,5,20,7
869,2022/7/20 6:00:00,0.0,0,0.0,0.2,0.0,0.0,0.0,6,20,7
870,2022/7/20 7:00:00,0.8,0,0.8,0.9,0.1,0.8,1.0,7,20,7
871,2022/7/20 8:00:00,0.9,0,1.0,1.0,0.6,1.0,1.0,8,20,7
872,2022/7/20 9:00:00,0.8,0,1.0,1.0,1.0,1.0,1.0,9,20,7
873,2022/7/20 10:00:00,0.7,0,0.7,1.0,1.0,1.0,0.7,10,20,7
874,2022/7/20 11:00:00,0.5,0,1.0,1.0,1.0,1.0,1.0,11,20,7
875,2022/7/20 12:00:00,0.8,0,1.0,1.0,0.0,1.0,1.0,12,20,7
876,2022/7/20 13:00:00,0.3,0,1.0,1.0,0.0,1.0,1.0,13,20,7
877,2022/7/20 14:00:00,0.9,0,1.0,1.0,0.9,0.5,1.0,14,20,7
878,2022/7/20 15:00:00,0.9,0,0.4,0.8,0.6,0.4,0.5,15,20,7
879,2022/7/20 16:00:00,0.6,0,0.0,0.3,0.1,0.5,0.6,16,20,7
880,2022/7/20 17:00:00,0.6,0,0.1,0.1,0.5,0.2,0.5,17,20,7
881,2022/7/20 18:00:00,0.2,0,0.0,0.0,0.0,0.0,0.0,18,20,7
882,2022/7/20 19:00:00,0.1,0,0.0,0.0,0.0,0.0,0.0,19,20,7
883,2022/7/20 20:00:00,0.0,1,0.0,0.0,0.0,0.0,0.0,20,20,7
884,2022/7/20 21:00:00,0.0,1,0.0,0.0,0.0,0.0,0.0,21,20,7
885,2022/7/20 22:00:00,0.0,1,0.0,0.0,0.0,0.0,0.0,22,20,7
886,2022/7/20 23:00:00,0.0,1,0.0,0.0,0.0,0.0,0.0,23,20,7
887,2022/7/21 0:00:00,0.0,1,0.0,0.0,0.0,0.0,0.0,0,21,7
888,2022/7/21 1:00:00,0.0,1,0.0,0.0,0.0,0.0,0.0,1,21,7
889,2022/7/21 2:00:00,0.0,1,0.0,0.0,0.0,0.0,0.0,2,21,7
890,2022/7/21 3:00:00,0.0,1,0.0,0.0,0.0,0.0,0.0,3,21,7
891,2022/7/21 4:00:00,0.0,1,0.0,0.0,0.0,0.0,0.0,4,21,7
892,2022/7/21 5:00:00,0.0,0,0.0,0.0,0.0,0.0,0.0,5,21,7
893,2022/7/21 6:00:00,0.0,0,0.0,0.0,0.0,0.0,0.0,6,21,7
894,2022/7/21 7:00:00,0.2,0,0.0,0.4,0.3,0.0,0.3,7,21,7
895,2022/7/21 8:00:00,0.7,0,0.5,0.8,0.2,0.0,0.2,8,21,7
896,2022/7/21 9:00:00,0.8,0,0.8,0.6,0.9,0.5,0.8,9,21,7
897,2022/7/21 10:00:00,0.9,0,0.8,0.7,0.9,0.9,0.6,10,21,7
898,2022/7/21 11:00:00,0.9,0,0.9,0.3,0.1,0.3,0.7,11,21,7
899,2022/7/21 12:00:00,0.7,0,0.4,0.7,0.0,0.1,0.2,12,21,7
900,2022/7/21 13:00:00,0.6,0,0.3,0.7,0.3,0.0,0.5,13,21,7
901,2022/7/21 14:00:00,0.9,0,0.6,1.0,0.3,0.9,0.4,14,21,7
902,2022/7/21 15:00:00,0.6,0,0.5,0.3,0.0,0.3,0.6,15,21,7
903,2022/7/21 16:00:00,0.0,0,0.0,0.0,0.0,0.0,0.0,16,21,7
904,2022/7/21 17:00:00,0.0,0,0.0,0.0,0.0,0.0,0.0,17,21,7
905,2022/7/21 18:00:00,0.0,0,0.0,0.0,0.0,0.0,0.0,18,21,7
906,2022/7/21 19:00:00,0.0,0,0.0,0.0,0.0,0.0,0.0,19,21,7
907,2022/7/21 20:00:00,0.0,1,0.0,0.0,0.0,0.0,0.0,20,21,7
908,2022/7/21 21:00:00,0.0,1,0.0,0.0,0.0,0.0,0.0,21,21,7
909,2022/7/21 22:00:00,0.0,1,0.0,0.0,0.0,0.0,0.0,22,21,7
910,2022/7/21 23:00:00,0.0,1,0.0,0.0,0.0,0.0,0.0,23,21,7
911,2022/7/22 0:00:00,0.0,1,0.0,0.0,0.0,0.0,0.0,0,22,7
912,2022/7/22 1:00:00,0.0,1,0.0,0.0,0.0,0.0,0.0,1,22,7
913,2022/7/22 2:00:00,0.0,1,0.0,0.0,0.0,0.0,0.0,2,22,7
914,2022/7/22 3:00:00,0.0,1,0.0,0.0,0.0,0.0,0.0,3,22,7
915,2022/7/22 4:00:00,0.0,1,0.0,0.0,0.0,0.0,0.0,4,22,7
916,2022/7/22 5:00:00,0.0,0,0.0,0.0,0.0,0.0,0.0,5,22,7
917,2022/7/22 6:00:00,0.2,0,0.0,0.0,0.0,0.0,0.0,6,22,7
918,2022/7/22 7:00:00,0.3,0,0.0,0.2,0.0,0.2,0.4,7,22,7
919,2022/7/22 8:00:00,0.4,0,0.0,0.0,0.0,0.0,0.2,8,22,7
920,2022/7/22 9:00:00,0.0,0,0.0,0.0,0.0,0.0,0.0,9,22,7
921,2022/7/22 10:00:00,0.0,0,0.0,0.0,0.2,0.0,0.0,10,22,7
922,2022/7/22 11:00:00,0.0,0,0.0,0.0,0.8,0.1,0.0,11,22,7
923,2022/7/22 12:00:00,0.2,0,0.3,0.7,1.0,0.2,0.0,12,22,7
924,2022/7/22 13:00:00,0.6,0,0.5,0.9,0.1,0.7,0.7,13,22,7
925,2022/7/22 14:00:00,1.0,0,1.0,0.8,0.1,0.0,1.0,14,22,7
926,2022/7/22 15:00:00,1.0,0,1.0,1.0,0.3,0.0,1.0,15,22,7
927,2022/7/22 16:00:00,1.0,0,1.0,1.0,0.0,0.0,1.0,16,22,7
928,2022/7/22 17:00:00,1.0,0,1.0,1.0,0.2,0.3,1.0,17,22,7
929,2022/7/22 18:00:00,1.0,0,1.0,0.5,0.0,1.0,1.0,18,22,7
930,2022/7/22 19:00:00,0.5,0,0.4,0.3,0.0,0.3,0.6,19,22,7
931,2022/7/22 20:00:00,0.0,1,0.0,0.0,0.0,0.0,0.0,20,22,7
932,2022/7/22 21:00:00,0.0,1,0.0,0.0,0.0,0.0,0.0,21,22,7
933,2022/7/22 22:00:00,0.0,1,0.0,0.0,0.0,0.0,0.0,22,22,7
934,2022/7/22 23:00:00,0.0,1,0.0,0.0,0.0,0.0,0.0,23,22,7
935,2022/7/23 0:00:00,0.0,1,0.0,0.0,0.0,0.0,0.0,0,23,7
936,2022/7/23 1:00:00,0.0,1,0.0,0.0,0.0,0.0,0.0,1,23,7
937,2022/7/23 2:00:00,0.0,1,0.0,0.0,0.0,0.0,0.0,2,23,7
938,2022/7/23 3:00:00,0.0,1,0.0,0.0,0.0,0.0,0.0,3,23,7
939,2022/7/23 4:00:00,0.0,1,0.0,0.0,0.0,0.0,0.0,4,23,7
940,2022/7/23 5:00:00,0.0,0,0.0,0.0,0.0,0.0,0.0,5,23,7
941,2022/7/23 6:00:00,0.0,0,0.2,0.5,0.7,0.1,0.0,6,23,7
942,2022/7/23 7:00:00,0.0,0,0.4,0.9,1.0,1.0,0.3,7,23,7
943,2022/7/23 8:00:00,0.1,0,1.0,1.0,1.0,1.0,1.0,8,23,7
944,2022/7/23 9:00:00,0.6,0,1.0,1.0,1.0,1.0,1.0,9,23,7
945,2022/7/23 10:00:00,0.3,0,1.0,1.0,1.0,1.0,1.0,10,23,7
946,2022/7/23 11:00:00,0.8,0,1.0,0.9,1.0,1.0,1.0,11,23,7
947,2022/7/23 12:00:00,0.9,0,1.0,1.0,0.9,1.0,1.0,12,23,7
948,2022/7/23 13:00:00,1.0,0,1.0,1.0,0.0,0.8,1.0,13,23,7
949,2022/7/23 14:00:00,1.0,0,0.4,1.0,0.0,0.0,0.9,14,23,7
950,2022/7/23 15:00:00,1.0,0,0.3,1.0,0.0,0.0,0.5,15,23,7
951,2022/7/23 16:00:00,1.0,0,0.9,0.9,0.4,0.0,1.0,16,23,7
952,2022/7/23 17:00:00,0.8,0,0.2,0.4,0.1,0.2,1.0,17,23,7
953,2022/7/23 18:00:00,0.6,0,0.2,0.2,0.0,0.3,0.5,18,23,7
954,2022/7/23 19:00:00,0.0,0,0.0,0.0,0.0,0.0,0.0,19,23,7
955,2022/7/23 20:00:00,0.0,1,0.0,0.0,0.0,0.0,0.0,20,23,7
956,2022/7/23 21:00:00,0.0,1,0.0,0.0,0.0,0.0,0.0,21,23,7
957,2022/7/23 22:00:00,0.0,1,0.0,0.0,0.0,0.0,0.0,22,23,7
958,2022/7/23 23:00:00,0.0,1,0.0,0.0,0.0,0.0,0.0,23,23,7
959,2022/7/24 0:00:00,0.0,1,0.0,0.0,0.0,0.0,0.0,0,24,7
960,2022/7/24 1:00:00,0.0,1,0.0,0.0,0.0,0.0,0.0,1,24,7
961,2022/7/24 2:00:00,0.0,1,0.0,0.0,0.0,0.0,0.0,2,24,7
962,2022/7/24 3:00:00,0.0,1,0.0,0.0,0.0,0.0,0.0,3,24,7
963,2022/7/24 4:00:00,0.0,1,0.0,0.0,0.0,0.0,0.0,4,24,7
964,2022/7/24 5:00:00,0.0,0,0.0,0.0,0.0,0.0,0.0,5,24,7
965,2022/7/24 6:00:00,0.4,0,0.4,0.4,0.0,0.1,0.1,6,24,7
966,2022/7/24 7:00:00,0.5,0,0.5,0.9,0.2,0.3,0.3,7,24,7
967,2022/7/24 8:00:00,0.2,0,0.8,1.0,0.1,1.0,0.4,8,24,7
968,2022/7/24 9:00:00,0.8,0,0.3,0.3,0.1,0.3,1.0,9,24,7
969,2022/7/24 10:00:00,0.4,0,0.0,0.0,0.6,0.3,0.1,10,24,7
970,2022/7/24 11:00:00,0.6,0,0.4,0.3,0.5,0.0,0.6,11,24,7
971,2022/7/24 12:00:00,1.0,0,1.0,1.0,0.1,0.3,1.0,12,24,7
972,2022/7/24 13:00:00,0.9,0,1.0,1.0,0.1,0.0,1.0,13,24,7
973,2022/7/24 14:00:00,0.8,0,1.0,1.0,0.6,0.0,1.0,14,24,7
974,2022/7/24 15:00:00,1.0,0,1.0,1.0,0.3,0.5,1.0,15,24,7
975,2022/7/24 16:00:00,0.9,0,1.0,1.0,0.0,0.8,1.0,16,24,7
976,2022/7/24 17:00:00,0.9,0,1.0,1.0,0.0,0.8,1.0,17,24,7
977,2022/7/24 18:00:00,0.8,0,0.5,0.2,0.0,0.0,0.9,18,24,7
978,2022/7/24 19:00:00,0.1,0,0.0,0.0,0.0,0.0,0.0,19,24,7
979,2022/7/24 20:00:00,0.0,1,0.0,0.0,0.0,0.0,0.0,20,24,7
980,2022/7/24 21:00:00,0.0,1,0.0,0.0,0.0,0.0,0.0,21,24,7
981,2022/7/24 22:00:00,0.0,1,0.0,0.0,0.0,0.0,0.0,22,24,7
982,2022/7/24 23:00:00,0.0,1,0.0,0.0,0.0,0.0,0.0,23,24,7
983,2022/7/25 0:00:00,0.0,1,0.0,0.0,0.0,0.0,0.0,0,25,7
984,2022/7/25 1:00:00,0.0,1,0.0,0.0,0.0,0.0,0.0,1,25,7
985,2022/7/25 2:00:00,0.0,1,0.0,0.0,0.0,0.0,0.0,2,25,7
986,2022/7/25 3:00:00,0.0,1,0.0,0.0,0.0,0.0,0.0,3,25,7
987,2022/7/25 4:00:00,0.0,1,0.0,0.0,0.0,0.0,0.0,4,25,7
988,2022/7/25 5:00:00,0.0,0,0.0,0.0,0.0,0.0,0.0,5,25,7
989,2022/7/25 6:00:00,0.8,0,0.3,0.2,0.0,0.0,0.3,6,25,7
990,2022/7/25 7:00:00,1.0,0,1.0,1.0,1.0,1.0,1.0,7,25,7
991,2022/7/25 8:00:00,1.0,0,1.0,1.0,1.0,1.0,1.0,8,25,7
992,2022/7/25 9:00:00,1.0,0,1.0,1.0,1.0,1.0,1.0,9,25,7
993,2022/7/25 10:00:00,1.0,0,1.0,1.0,0.9,1.0,1.0,10,25,7
994,2022/7/25 11:00:00,1.0,0,1.0,1.0,1.0,1.0,1.0,11,25,7
995,2022/7/25 12:00:00,1.0,0,1.0,1.0,1.0,1.0,1.0,12,25,7
996,2022/7/25 13:00:00,0.9,0,1.0,1.0,1.0,1.0,1.0,13,25,7
997,2022/7/25 14:00:00,0.5,0,1.0,1.0,1.0,1.0,0.8,14,25,7
998,2022/7/25 15:00:00,0.9,0,1.0,1.0,0.8,1.0,1.0,15,25,7
999,2022/7/25 16:00:00,1.0,0,1.0,1.0,0.8,1.0,1.0,16,25,7
1000,2022/7/25 17:00:00,0.9,0,1.0,1.0,0.3,1.0,1.0,17,25,7
1001,2022/7/25 18:00:00,0.2,0,0.7,1.0,0.3,1.0,0.7,18,25,7
1002,2022/7/25 19:00:00,0.0,0,0.0,0.3,0.0,0.4,0.0,19,25,7
1003,2022/7/25 20:00:00,0.0,1,0.0,0.0,0.0,0.0,0.0,20,25,7
1004,2022/7/25 21:00:00,0.0,1,0.0,0.0,0.0,0.0,0.0,21,25,7
1005,2022/7/25 22:00:00,0.0,1,0.0,0.0,0.0,0.0,0.0,22,25,7
1006,2022/7/25 23:00:00,0.0,1,0.0,0.0,0.0,0.0,0.0,23,25,7
1007,2022/7/26 0:00:00,0.0,1,0.0,0.0,0.0,0.0,0.0,0,26,7
1008,2022/7/26 1:00:00,0.0,1,0.0,0.0,0.0,0.0,0.0,1,26,7
1009,2022/7/26 2:00:00,0.0,1,0.0,0.0,0.0,0.0,0.0,2,26,7
1010,2022/7/26 3:00:00,0.0,1,0.0,0.0,0.0,0.0,0.0,3,26,7
1011,2022/7/26 4:00:00,0.0,1,0.0,0.0,0.0,0.0,0.0,4,26,7
1012,2022/7/26 5:00:00,0.0,0,0.0,0.0,0.0,0.0,0.0,5,26,7
1013,2022/7/26 6:00:00,0.0,0,0.0,0.0,0.0,0.0,0.0,6,26,7
1014,2022/7/26 7:00:00,0.0,0,0.0,0.0,0.0,0.0,0.0,7,26,7
1015,2022/7/26 8:00:00,0.0,0,0.0,0.0,0.0,0.0,0.0,8,26,7
1016,2022/7/26 9:00:00,0.0,0,0.0,0.0,0.0,0.0,0.0,9,26,7
1017,2022/7/26 10:00:00,0.0,0,0.0,0.0,0.0,0.0,0.0,10,26,7
1018,2022/7/26 11:00:00,0.0,0,0.0,0.0,0.0,0.0,0.0,11,26,7
1019,2022/7/26 12:00:00,0.0,0,0.0,0.0,0.0,0.0,0.0,12,26,7
1020,2022/7/26 13:00:00,0.0,0,0.0,0.0,0.0,0.0,0.0,13,26,7
1021,2022/7/26 14:00:00,0.0,0,0.0,0.0,0.0,0.0,0.0,14,26,7
1022,2022/7/26 15:00:00,0.2,0,0.0,0.0,0.0,0.0,0.0,15,26,7
1023,2022/7/26 16:00:00,0.4,0,0.0,0.0,0.0,0.0,0.0,16,26,7
1024,2022/7/26 17:00:00,0.0,0,0.0,0.0,0.0,0.0,0.0,17,26,7
1025,2022/7/26 18:00:00,0.0,0,0.0,0.0,0.0,0.0,0.0,18,26,7
1026,2022/7/26 19:00:00,0.0,0,0.0,0.0,0.0,0.0,0.0,19,26,7
1027,2022/7/26 20:00:00,0.0,1,0.0,0.0,0.0,0.0,0.0,20,26,7
1028,2022/7/26 21:00:00,0.0,1,0.0,0.0,0.0,0.0,0.0,21,26,7
1029,2022/7/26 22:00:00,0.0,1,0.0,0.0,0.0,0.0,0.0,22,26,7
1030,2022/7/26 23:00:00,0.0,1,0.0,0.0,0.0,0.0,0.0,23,26,7
1031,2022/7/27 0:00:00,0.0,1,0.0,0.0,0.0,0.0,0.0,0,27,7
